trip_status,ride_hailing_app,trip_time,total_time,wait_time,trip_type,surge_multiplier,vehicle_make,driver_gender,trip_map_image_url,price_usd,distance_kms,temperature_value,humidity,wind_speed,cloudness,weather_main,weather_desc,precipitation
Completed,Uber,0:21:33,29,7,uberX,1.0,Ford,1,Saint Petersburg,5.17,9.29,12,0.69,4.81,0.78,partly-cloudy-day,Mostly Cloudy,none
Completed,Uber,0:19:27,26,6,uberX,1.0,Hyundai,1,Saint Petersburg,4.97,9.93,10,0.7,6.53,0.66,partly-cloudy-day,Mostly Cloudy,none
Completed,Uber,1:06:53,83,16,uberX,1.0,Renault,1,Saint Petersburg,13.01,18.01,14,0.61,5.25,0.86,partly-cloudy-day,Mostly Cloudy,none
Completed,Uber,0:13:37,20,6,uberBLACK,2.9,Mercedes-Benz,1,Saint Petersburg,25.99,5.1,3,0.84,0.87,0.56,partly-cloudy-night,Partly Cloudy,none
Completed,Uber,0:38:54,49,10,uberX,1.4,Hyundai,1,Saint Petersburg,13.43,21.92,3,0.9,1.61,0.31,partly-cloudy-night,Partly Cloudy,none
Completed,Uber,0:16:38,34,17,uberX,1.0,Hyundai,1,Saint Petersburg,4.06,4.88,7,0.83,2.73,0.99,cloudy,Overcast,none
Completed,Uber,0:40:24,44,3,uberX,1.0,Volkswagen,1,Saint Petersburg,9.4,18.65,6,0.89,4.08,0.98,cloudy,Overcast,none
Completed,Uber,0:41:56,58,16,uberX,1.0,Hyundai,1,Saint Petersburg,8.7,12.62,6,0.96,3.96,0.89,partly-cloudy-day,Mostly Cloudy,none
Completed,Uber,0:10:06,15,4,uberX,1.0,Hyundai,1,Saint Petersburg,3.27,5.94,8,0.88,4.64,0.84,partly-cloudy-day,Mostly Cloudy,none
Completed,Uber,0:25:30,33,7,uberX,1.0,Volkswagen,1,Saint Petersburg,7.06,17.38,9,0.82,0.86,0.69,partly-cloudy-day,Mostly Cloudy,none
Completed,Uber,0:17:47,26,8,uberX,1.0,Hyundai,1,Saint Petersburg,4.27,5.66,14,0.67,4.15,0.75,partly-cloudy-day,Mostly Cloudy,none
Completed,Uber,0:14:28,27,12,uberX,1.0,Hyundai,0,Ekaterinburg,7.66,14.3,32,0.33,3.18,0,clear-day,Clear,rain
Completed,Uber,0:15:19,28,12,uberX,1.0,Ford,1,Ekaterinburg,7.48,13.33,19,0.82,1.24,0.75,partly-cloudy-night,Mostly Cloudy,rain
Completed,Uber,0:50:13,64,13,uberX,1.0,Ford,1,Ekaterinburg,4.2,9.41,29,0.63,5.11,0.75,partly-cloudy-day,Mostly Cloudy,rain
Completed,Uber,0:12:39,37,24,uberX,1.0,Hyundai,1,Ekaterinburg,1.62,0.29,28,0.61,4.9,0,clear-day,Clear,rain
Completed,Uber,0:16:18,34,17,uberX,1.0,Kia,1,Ekaterinburg,2.21,8.4,17,1.0,0.9,0,clear-night,Clear,rain
Completed,Uber,0:11:27,25,13,uberX,1.0,Nissan,1,Ekaterinburg,1.72,4.33,25,0.63,1.23,0,clear-day,Clear,rain
Completed,Uber,0:16:39,30,13,uberX,1.0,Kia,0,Ekaterinburg,2.03,4.75,21,0.64,2.77,1,cloudy,Overcast,rain
Completed,Uber,0:16:28,27,10,uberX,1.0,Hyundai,1,Ekaterinburg,7.11,14.61,11,0.97,5.32,1,cloudy,Overcast,rain
Completed,Uber,0:14:13,17,2,uberX,1.0,Hyundai,1,Saint Petersburg,3.33,5.05,19,0.62,3.9,0.39,partly-cloudy-day,Partly Cloudy,none
Completed,Gett,0:21:12,36,14,Comfort,,Chevrolet,1,Saint Petersburg,5.65,12.81,19,0.62,3.51,0.49,partly-cloudy-day,Partly Cloudy,none
Cancelled,Uber,0:01:00,46,45,uberBLACK,1.0,Mercedes-Benz,1,Saint Petersburg,3.26,0.1,17,0.69,0.88,0.32,partly-cloudy-day,Partly Cloudy,none
Completed,Uber,0:45:40,54,8,uberX,1.0,Kia,1,Saint Petersburg,10.39,29.08,20,0.59,1.19,0.58,partly-cloudy-day,Partly Cloudy,none
Completed,Uber,0:30:44,40,9,uberX,1.0,Mitsubishi,1,Saint Petersburg,18.13,24.0,21,0.58,1.11,0.75,partly-cloudy-day,Mostly Cloudy,none
Completed,Uber,0:25:18,30,4,uberX,1.0,Nissan,1,Saint Petersburg,18.13,19.1,16,0.73,3.01,0.75,partly-cloudy-day,Mostly Cloudy,none
Completed,Uber,0:30:18,37,6,uberX,1.0,Honda,1,Saint Petersburg,18.13,21.18,16,0.78,1.41,0.94,cloudy,Overcast,none
Completed,Uber,0:09:33,19,9,uberBLACK,1.0,Mercedes-Benz,1,Saint Petersburg,6.4,2.27,16,0.77,2.79,0.75,partly-cloudy-day,Mostly Cloudy,none
Completed,Uber,0:22:31,29,6,uberBLACK,1.0,Audi,1,Saint Petersburg,11.22,8.85,15,0.83,1.73,0.78,partly-cloudy-night,Mostly Cloudy,none
Completed,Uber,0:45:00,57,12,uberX,1.0,Mitsubishi,1,Saint Petersburg,8.9,17.79,15,0.74,4.12,0.75,partly-cloudy-day,Mostly Cloudy,none
Completed,Uber,1:08:04,88,19,uberX,1.5,Kia,1,Saint Petersburg,27.29,21.22,16,0.66,5.75,0.62,partly-cloudy-day,Mostly Cloudy,none
Completed,Uber,0:12:28,27,14,uberBLACK,1.0,BMW,1,Saint Petersburg,7.6,4.35,18,0.61,4.98,0.76,partly-cloudy-day,Mostly Cloudy,none
Completed,Uber,0:10:35,20,9,uberBLACK,1.5,Mercedes-Benz,1,Saint Petersburg,10.31,3.25,16,0.73,5.12,0.76,partly-cloudy-day,Mostly Cloudy,none
Completed,Uber,0:05:46,14,8,uberX,1.0,Nissan,1,Saint Petersburg,1.8,1.29,15,0.78,5.75,0.75,partly-cloudy-day,Mostly Cloudy,none
Completed,Uber,0:16:31,27,10,uberBLACK,1.0,BMW,1,Saint Petersburg,8.5,2.61,15,0.81,6.75,0.75,partly-cloudy-day,Mostly Cloudy,none
Completed,Uber,0:08:51,22,13,uberX,1.4,Hyundai,1,Saint Petersburg,3.15,1.69,13,0.64,8.04,0.62,wind,Breezy and Mostly Cloudy,none
Completed,Uber,0:12:06,20,7,uberBLACK,1.0,Mercedes-Benz,1,Saint Petersburg,7.6,5.02,10,0.7,4.6,0,clear-night,Clear,none
Completed,Uber,0:17:31,33,15,uberX,1.0,Nissan,1,Saint Petersburg,3.65,3.35,15,0.48,8.2,0.75,wind,Breezy and Mostly Cloudy,none
Completed,Uber,0:09:43,11,1,uberX,1.0,Toyota,1,Saint Petersburg,2.59,3.07,14,0.48,8.41,0.75,wind,Breezy and Mostly Cloudy,none
Completed,Uber,0:18:24,33,14,uberBLACK,1.0,Mercedes-Benz,1,Saint Petersburg,9.73,5.46,14,0.5,5.98,0.75,partly-cloudy-day,Mostly Cloudy,none
Completed,Uber,0:07:30,21,13,uberBLACK,1.0,BMW,0,Saint Petersburg,6.03,2.72,11,0.57,4.66,0.58,partly-cloudy-day,Partly Cloudy,none
Completed,Uber,0:10:20,22,11,uberX,1.0,Opel,0,Saint Petersburg,2.74,3.6,8,0.78,3.4,0.61,partly-cloudy-day,Mostly Cloudy,none
Completed,Uber,0:31:09,38,6,uberX,1.0,Ford,1,Saint Petersburg,18.64,19.07,11,0.68,4.26,0,clear-day,Clear,none
Completed,Uber,0:28:17,30,1,uberX,1.0,Kia,1,Saint Petersburg,5.11,3.78,15,0.46,5.69,0.47,partly-cloudy-day,Partly Cloudy,none
Completed,Uber,0:29:50,45,15,uberX,1.0,Audi,1,Saint Petersburg,5.44,4.78,15,0.46,6.24,0.47,partly-cloudy-day,Partly Cloudy,none
Completed,Uber,0:11:39,27,15,uberX,1.0,Citroen,1,Saint Petersburg,2.81,2.78,15,0.41,8.13,0.31,wind,Breezy and Partly Cloudy,none
Completed,Uber,0:48:13,57,8,uberBLACK,1.0,Mercedes-Benz,1,Saint Petersburg,33.55,19.14,15,0.41,5.95,0.46,partly-cloudy-day,Partly Cloudy,none
Completed,Uber,0:31:20,46,14,uberBLACK,1.0,Mercedes-Benz,1,Saint Petersburg,32.31,23.26,22,0.46,3.28,0.31,partly-cloudy-day,Partly Cloudy,none
Completed,Uber,1:02:01,77,14,uberX,1.0,Chevrolet,1,Saint Petersburg,10.46,15.63,14,0.91,4.7,0.79,partly-cloudy-day,Mostly Cloudy,none
Completed,Uber,0:37:41,45,7,uberX,1.0,Ford,1,Saint Petersburg,10.84,44.22,14,0.92,2.96,0.62,partly-cloudy-night,Mostly Cloudy,none
Completed,Uber,0:42:26,55,12,uberX,1.0,Honda,1,Saint Petersburg,9.1,24.91,16,0.89,2.42,0.83,partly-cloudy-night,Mostly Cloudy,none
Completed,Uber,0:05:24,8,2,uberX,1.0,Hyundai,1,Saint Petersburg,1.44,1.45,17,0.69,1.88,0.47,partly-cloudy-day,Partly Cloudy,none
Completed,Uber,0:23:40,155,131,uberX,1.0,Hyundai,1,Ekaterinburg,3.54,8.01,16,0.92,3.34,0.75,partly-cloudy-day,Mostly Cloudy,rain
Completed,Uber,0:13:29,33,19,uberX,1.0,Suzuki,1,Ekaterinburg,2.35,4.76,17,0.88,3.94,0.75,partly-cloudy-day,Mostly Cloudy,rain
Completed,Uber,0:30:25,42,11,uberX,1.0,Kia,1,Ekaterinburg,5.91,23.44,18,0.57,4.13,0,clear-day,Clear,rain
Completed,Uber,0:24:35,25,0,uberX,1.0,Volkswagen,1,Ekaterinburg,5.91,16.38,17,0.55,3.79,0.75,partly-cloudy-day,Mostly Cloudy,rain
Completed,Uber,0:11:27,19,7,uberX,1.0,Hyundai,1,Ekaterinburg,2.11,4.12,12,0.9,3.29,0.75,partly-cloudy-day,Mostly Cloudy,rain
Completed,Uber,0:12:23,28,15,uberX,1.0,Nissan,1,Ekaterinburg,2.18,4.12,14,0.75,3.96,0.75,partly-cloudy-day,Mostly Cloudy,rain
Completed,Uber,0:14:53,24,9,uberX,1.0,Renault,1,Ekaterinburg,2.55,5.63,10,0.86,4.47,0,clear-night,Clear,rain
Completed,Uber,0:15:37,31,15,uberX,1.0,Mazda,1,Ekaterinburg,2.66,6.12,11,0.54,5.7,0,clear-day,Clear,rain
Completed,Uber,0:15:41,22,6,uberX,1.0,Volkswagen,1,Ekaterinburg,2.63,5.65,11,0.6,7.4,0.75,wind,Breezy and Mostly Cloudy,rain
Completed,Uber,0:13:52,18,4,uberX,1.0,Peugeot,1,Ekaterinburg,2.46,5.73,10,0.77,7.01,0.84,wind,Breezy and Mostly Cloudy,rain
Completed,Uber,0:18:46,26,7,uberX,1.0,Dacia,1,Saint Petersburg,3.55,8.56,18,0.64,7.01,0,clear-day,Clear,rain
Completed,Uber,0:20:01,28,7,uberX,1.0,Hyundai,1,Saint Petersburg,3.83,10.06,19,0.53,7.01,0,clear-day,Clear,rain
Completed,Uber,0:13:00,35,22,uberX,1.0,Chrysler,1,Ekaterinburg,5.9,8.03,12,0.64,6.98,0.75,partly-cloudy-day,Mostly Cloudy,rain
Completed,Uber,0:29:37,168,138,uberX,1.0,Renault,1,Ekaterinburg,5.9,17.77,14,0.58,5.7,0,clear-day,Clear,rain
Completed,Uber,0:32:39,39,6,uberX,1.0,Nissan,1,Saint Petersburg,14.74,42.81,16,0.62,4.01,0.76,partly-cloudy-day,Mostly Cloudy,none
Completed,Uber,0:16:01,27,10,uberX,1.0,Renault,1,Saint Petersburg,3.59,11.65,19,0.45,2.71,0.69,partly-cloudy-day,Mostly Cloudy,none
Completed,Uber,0:07:45,19,11,uberX,1.0,Hyundai,1,Saint Petersburg,1.99,3.72,15,0.89,1.64,1,cloudy,Overcast,none
Completed,Uber,0:11:27,14,2,uberX,1.0,Mazda,1,Saint Petersburg,2.56,5.33,14,0.94,1.14,0.88,partly-cloudy-night,Mostly Cloudy,none
Completed,Uber,0:10:47,18,7,uberBLACK,1.0,BMW,1,Saint Petersburg,5.7,2.3,17,0.84,3.48,0.83,partly-cloudy-day,Mostly Cloudy,none
Completed,Uber,0:29:05,45,15,uberX,1.0,Opel,1,Saint Petersburg,5.19,12.47,17,0.84,4.36,0.31,partly-cloudy-day,Partly Cloudy,none
Completed,Uber,0:17:42,26,8,uberX,1.0,Lada,1,Ekaterinburg,2.72,3.67,9,0.92,1.75,0,clear-night,Clear,rain
Completed,Uber,0:36:10,43,6,uberX,1.0,Toyota,1,Saint Petersburg,6.26,15.32,16,0.9,2.65,0.51,partly-cloudy-night,Partly Cloudy,none
Completed,Uber,0:05:39,10,4,uberX,1.0,Kia,1,Saint Petersburg,1.48,1.58,17,0.7,5.71,0.91,partly-cloudy-day,Mostly Cloudy,none
Completed,Uber,0:04:57,12,7,uberX,1.0,Opel,1,Saint Petersburg,1.36,1.11,17,0.67,4.53,0.78,partly-cloudy-day,Mostly Cloudy,none
Completed,Uber,0:06:51,15,8,uberBLACK,1.0,Mercedes-Benz,1,Saint Petersburg,4.66,2.09,14,0.81,4.05,0.36,partly-cloudy-day,Partly Cloudy,none
Completed,Uber,0:06:10,13,6,uberX,1.0,Chevrolet,1,Saint Petersburg,1.62,2.09,14,0.8,3.8,0.75,partly-cloudy-day,Mostly Cloudy,none
Completed,Uber,0:18:32,87,68,uberX,1.0,Skoda,1,Ekaterinburg,3.0,6.2,8,0.89,0.54,0,clear-night,Clear,rain
Completed,Uber,0:04:15,9,4,uberX,1.0,Hyundai,1,Saint Petersburg,4.53,1.21,13,0.84,4.83,0.31,partly-cloudy-day,Partly Cloudy,none
Completed,Uber,0:53:13,60,6,uberX,1.0,Mitsubishi,1,Saint Petersburg,7.84,13.78,16,0.67,4.67,0.75,partly-cloudy-day,Mostly Cloudy,none
Completed,Uber,0:22:18,34,11,uberX,1.0,Volkswagen,1,Saint Petersburg,3.95,7.97,14,0.74,2.54,0.57,partly-cloudy-day,Partly Cloudy,none
Completed,Uber,0:14:33,21,6,uberX,1.0,Chevrolet,1,Saint Petersburg,3.0,6.69,13,0.78,3.27,0.56,partly-cloudy-night,Partly Cloudy,none
Completed,Uber,0:41:32,52,10,uberX,1.0,Hyundai,1,Saint Petersburg,15.26,37.32,17,0.74,2.61,0.79,partly-cloudy-day,Mostly Cloudy,none
Completed,Uber,0:06:44,18,11,uberX,1.0,Hyundai,1,Saint Petersburg,1.68,1.92,13,0.93,1.99,0.95,cloudy,Overcast,none
Completed,Uber,0:16:04,34,17,uberBLACK,1.0,Audi,1,Saint Petersburg,8.01,9.78,13,0.86,1.77,0.93,partly-cloudy-day,Mostly Cloudy,none
Completed,Uber,0:10:24,21,10,uberX,1.0,Skoda,1,Ekaterinburg,2.05,3.77,9,1.0,3.08,0.99,fog,Foggy,rain
Completed,Uber,0:17:39,28,10,uberX,1.0,Opel,1,Ekaterinburg,2.92,5.94,9,1.0,3.06,0.99,fog,Foggy,rain
Completed,Uber,0:17:34,21,3,uberX,1.0,Hyundai,1,Saint Petersburg,3.59,8.9,10,0.93,1.22,0.75,partly-cloudy-night,Mostly Cloudy,none
Completed,Uber,0:17:29,29,11,uberX,1.0,Toyota,1,Saint Petersburg,3.91,12.04,8,0.98,0.78,0.63,partly-cloudy-day,Mostly Cloudy,none
Completed,Uber,0:23:19,30,6,uberX,1.0,Kia,1,Saint Petersburg,4.49,11.6,10,0.99,2.64,0.75,partly-cloudy-day,Mostly Cloudy,none
Completed,Uber,0:10:41,20,9,uberX,1.0,Hyundai,1,Saint Petersburg,2.5,5.68,13,0.7,3.92,0.44,partly-cloudy-day,Partly Cloudy,none
Completed,Uber,0:11:24,21,9,uberX,1.0,Lifan,1,Saint Petersburg,2.58,5.65,11,0.8,2.36,0.46,partly-cloudy-day,Partly Cloudy,none
Completed,Uber,0:05:42,19,13,uberX,1.0,Saturn,1,Saint Petersburg,1.61,2.48,9,0.94,1.34,0.81,partly-cloudy-day,Mostly Cloudy,none
Completed,Uber,0:10:55,19,8,uberX,1.0,Volkswagen,1,Saint Petersburg,2.32,4.02,10,0.93,2.18,0.79,partly-cloudy-day,Mostly Cloudy,none
Completed,Uber,0:05:49,9,3,uberX,1.0,Mazda,1,Saint Petersburg,1.58,2.06,8,0.87,3.38,0.92,partly-cloudy-night,Mostly Cloudy,none
Completed,Uber,0:32:15,44,11,uberX,1.0,Chevrolet,1,Saint Petersburg,5.39,11.43,9,0.85,3.37,0.72,partly-cloudy-day,Mostly Cloudy,none
Completed,Uber,0:25:52,36,10,uberX,1.0,Nissan,1,Saint Petersburg,4.79,12.05,9,0.82,4.34,0.89,partly-cloudy-day,Mostly Cloudy,none
Completed,Uber,0:16:44,30,13,uberX,1.0,Hyundai,1,Saint Petersburg,3.25,6.71,9,0.75,4.02,1,cloudy,Overcast,none
Completed,Uber,0:22:06,35,12,uberX,1.0,Toyota,1,Saint Petersburg,3.65,5.13,10,0.77,2.33,0.9,partly-cloudy-day,Mostly Cloudy,none
Completed,Uber,0:07:21,16,8,uberX,1.0,Hyundai,1,Saint Petersburg,1.72,1.79,10,0.73,2.62,1,cloudy,Overcast,none
Completed,Uber,0:23:53,32,8,uberX,1.0,Volkswagen,1,Saint Petersburg,4.41,10.17,13,0.76,5.28,0.9,partly-cloudy-day,Mostly Cloudy,none
Completed,Uber,0:14:20,19,4,uberX,1.0,Kia,1,Saint Petersburg,3.01,6.76,12,0.83,4.06,0.8,partly-cloudy-night,Mostly Cloudy,none
Completed,Uber,0:34:17,41,6,uberX,1.0,Volkswagen,1,Saint Petersburg,6.1,15.93,12,0.85,4.64,0.99,cloudy,Overcast,none
Completed,Uber,0:02:56,12,9,uberX,1.0,Renault,1,Saint Petersburg,1.23,1.56,12,0.88,6.69,0.75,partly-cloudy-day,Mostly Cloudy,none
Completed,Uber,0:33:31,38,4,uberX,1.3,Ford,1,Saint Petersburg,7.37,12.57,12,0.9,4.73,0.92,partly-cloudy-day,Mostly Cloudy,none
Completed,Uber,0:20:02,30,9,uberX,1.0,Volkswagen,1,Saint Petersburg,5.48,12.01,13,0.89,6.19,0.81,partly-cloudy-day,Mostly Cloudy,none
Completed,Uber,0:51:03,57,5,uberX,1.0,Hyundai,1,Saint Petersburg,15.43,36.5,9,0.65,4.82,0.31,partly-cloudy-day,Partly Cloudy,none
Completed,Uber,0:38:03,47,8,uberX,1.0,Hyundai,1,Saint Petersburg,16.0,43.3,-6,0.99,1.06,0.31,fog,Foggy,none
Completed,Uber,1:25:19,103,17,uberX,1.0,Audi,1,Saint Petersburg,16.0,46.04,-3,0.97,0.95,0.18,clear-day,Clear,none
Completed,Uber,0:38:12,46,7,uberX,1.0,Kia,1,Saint Petersburg,16.18,39.78,6,0.87,3.28,0.83,partly-cloudy-night,Mostly Cloudy,none
Completed,Uber,0:04:12,13,8,uberX,1.0,Ford,1,Saint Petersburg,4.74,0.61,7,0.93,2.45,1,cloudy,Overcast,none
Completed,Uber,0:25:37,31,5,uberX,1.0,Mazda,1,Saint Petersburg,5.04,13.31,3,0.64,5.54,0.39,partly-cloudy-day,Partly Cloudy,none
Completed,Uber,0:09:43,17,7,uberX,1.0,Skoda,1,Saint Petersburg,2.17,3.01,1,0.92,1.27,0.68,partly-cloudy-day,Mostly Cloudy,none
Completed,Uber,0:17:37,26,8,uberX,1.0,Ford,1,Saint Petersburg,3.36,5.97,3,0.75,0.7,0.75,partly-cloudy-day,Mostly Cloudy,none
Completed,Uber,0:11:17,18,6,uberX,1.0,Volkswagen,1,Saint Petersburg,2.5,4.65,3,0.99,1.12,0.25,partly-cloudy-day,Partly Cloudy,none
Completed,Uber,0:10:35,25,14,uberX,1.0,Kia,1,Saint Petersburg,2.26,3.17,5,0.96,1.82,0.99,cloudy,Overcast,none
Completed,Uber,0:27:22,45,17,uberX,1.0,Mazda,1,Saint Petersburg,5.61,19.07,3,0.91,2.3,0.81,partly-cloudy-night,Mostly Cloudy,none
Completed,Uber,1:11:12,81,9,uberX,1.0,Hyundai,1,Saint Petersburg,10.17,17.32,-2,0.75,4.86,0.84,partly-cloudy-night,Mostly Cloudy,none
Completed,Uber,0:26:29,44,17,uberX,1.0,Honda,1,Saint Petersburg,5.2,16.08,1,0.81,6.26,0.95,cloudy,Overcast,none
Completed,Uber,0:34:42,41,6,uberX,1.0,Hyundai,1,Saint Petersburg,5.01,5.95,2,0.92,3.3,0.75,partly-cloudy-night,Mostly Cloudy,none
Completed,Uber,0:10:10,20,9,uberX,1.0,Hyundai,1,Saint Petersburg,2.11,2.99,1,0.91,2.82,0.88,partly-cloudy-night,Mostly Cloudy,none
Completed,Uber,0:00:09,13,12,uberELKA,1.0,Ford,1,Saint Petersburg,21.23,0.01,3,0.79,8.67,0.78,wind,Breezy and Mostly Cloudy,none
Cancelled,Uber,0:01:00,22,21,uberX,1.0,Lifan,1,Saint Petersburg,1.4,0.01,1,0.81,7.5,0.77,snow,Flurries,snow
Completed,Uber,0:25:31,32,6,uberX,1.0,Volkswagen,1,Ekaterinburg,5.54,20.58,-12,0.84,3.47,1,cloudy,Overcast,snow
Completed,Uber,0:16:30,26,9,uberX,1.0,Hyundai,1,Ekaterinburg,2.67,7.35,-19,0.83,1.32,1,cloudy,Overcast,snow
Completed,Uber,0:11:31,27,15,uberX,1.0,Ford,1,Ekaterinburg,1.99,4.63,-19,0.83,2.05,0.34,partly-cloudy-night,Partly Cloudy,snow
Completed,Uber,0:13:15,20,6,uberX,1.0,Chevrolet,1,Ekaterinburg,2.19,5.13,-22,0.78,2.36,0.97,cloudy,Overcast,snow
Completed,Uber,0:38:34,47,8,uberX,1.0,Volkswagen,1,Saint Petersburg,13.72,42.9,-13,0.83,1.35,1,cloudy,Overcast,none
Completed,Uber,0:18:38,32,13,uberX,1.0,Lifan,1,Saint Petersburg,2.88,6.34,-18,0.82,0.39,Node Not Available,fog,Foggy,none
Completed,Uber,0:08:10,19,10,uberX,1.0,Ford,1,Saint Petersburg,1.49,1.59,-17,0.83,1.56,0.96,snow,Light Snow,snow
Completed,Uber,0:06:51,12,5,uberX,1.0,Volkswagen,1,Saint Petersburg,1.39,1.75,-16,0.85,0.28,0.86,partly-cloudy-night,Mostly Cloudy,none
Completed,Uber,0:31:32,50,18,uberX,1.0,Hyundai,1,Saint Petersburg,4.58,12.39,2,0.96,2.76,1,cloudy,Overcast,rain
Completed,Uber,0:30:06,37,6,uberX,1.0,Ford,1,Saint Petersburg,4.7,13.21,0,0.91,2.15,0.97,cloudy,Overcast,none
Completed,Uber,0:05:14,10,4,uberX,1.0,Volkswagen,1,Saint Petersburg,1.25,1.06,1,0.73,4.66,0.75,partly-cloudy-day,Mostly Cloudy,none
Completed,Uber,0:26:25,33,6,uberX,1.0,Chevrolet,1,Saint Petersburg,4.59,15.68,-10,0.91,0.79,0.27,partly-cloudy-night,Partly Cloudy,none
Completed,Gett,0:18:01,21,2,Comfort,,Skoda,1,Saint Petersburg,4.93,5.71,2,0.93,2.41,0.97,rain,Drizzle,rain
Completed,Uber,0:11:03,14,2,uberX,1.0,Volkswagen,1,Saint Petersburg,2.16,3.51,1,0.81,2.84,0.8,partly-cloudy-day,Mostly Cloudy,none
Completed,Gett,0:10:50,19,8,Comfort,,Volkswagen,1,Saint Petersburg,3.0,5.9,4,0.72,4.38,0.76,partly-cloudy-day,Mostly Cloudy,none
Completed,Uber,0:08:10,14,5,uberX,1.0,Nissan,1,Saint Petersburg,1.86,2.74,-5,0.8,0.95,0.81,partly-cloudy-day,Mostly Cloudy,none
Completed,Uber,0:19:16,29,9,uberX,1.0,Audi,1,Saint Petersburg,3.34,6.42,3,0.45,2.91,0.92,partly-cloudy-day,Mostly Cloudy,none
Completed,Uber,0:14:43,24,9,uberX,1.0,Toyota,1,Saint Petersburg,2.83,5.92,2,0.53,3.12,1,cloudy,Overcast,none
Cancelled,Uber,0:11:14,14,2,uberX,1.0,Lifan,1,Saint Petersburg,2.0,0.92,7,0.57,1.41,0.75,rain,Light Rain,rain
Completed,Gett,0:04:40,8,3,Comfort,,Hyundai,1,Saint Petersburg,1.93,2.15,7,0.57,1.68,0.75,rain,Light Rain,rain
Completed,Uber,0:46:02,51,4,uberBLACK,1.0,Mercedes-Benz,1,Saint Petersburg,26.33,46.74,6,0.55,0.27,0.31,partly-cloudy-day,Partly Cloudy,none
Completed,Uber,0:16:04,26,9,uberX,1.0,Audi,1,Saint Petersburg,3.07,6.74,11,0.71,5.18,0.3,partly-cloudy-day,Partly Cloudy,none
Completed,Uber,0:30:37,36,5,uberX,1.0,Volkswagen,1,Saint Petersburg,5.5,15.08,11,0.52,3.56,0.17,clear-day,Clear,none
Completed,Uber,0:37:09,38,0,uberX,1.0,Ford,1,Saint Petersburg,14.85,45.68,2,0.97,3.52,0.75,partly-cloudy-day,Mostly Cloudy,none
Completed,Uber,0:12:09,20,7,uberX,1.0,Kia,0,Saint Petersburg,2.45,4.23,2,0.91,1.48,0.34,partly-cloudy-day,Partly Cloudy,none
Completed,Uber,0:16:18,17,0,uberX,1.0,Volkswagen,1,Saint Petersburg,3.26,6.24,14,0.41,3.94,0.77,partly-cloudy-day,Mostly Cloudy,none
Completed,Uber,0:17:07,24,6,uberX,1.0,Skoda,1,Saint Petersburg,3.7,10.61,8,0.69,5.29,0.75,partly-cloudy-day,Mostly Cloudy,none
Completed,Uber,0:15:43,17,1,uberX,1.0,Volkswagen,1,Saint Petersburg,3.18,7.08,9,0.83,2.77,0.08,clear-day,Clear,none
Completed,Uber,0:15:55,19,3,uberX,1.0,Kia,1,Saint Petersburg,3.17,6.78,9,0.86,2.46,0.46,partly-cloudy-day,Partly Cloudy,none
Completed,Uber,0:20:16,27,6,uberX,1.0,Chevrolet,1,Saint Petersburg,4.18,11.33,15,0.43,1.8,0.71,partly-cloudy-day,Mostly Cloudy,none
Completed,Uber,0:06:32,13,6,uberX,1.0,Nissan,1,Saint Petersburg,1.69,2.38,18,0.36,1.93,0.23,clear-day,Clear,none
Completed,Uber,0:18:02,23,4,uberX,1.0,Renault,1,Saint Petersburg,3.48,8.01,17,0.39,1.47,0.6,partly-cloudy-day,Mostly Cloudy,none
Cancelled,Uber,0:01:00,6,5,uberX,1.0,Ford,1,Saint Petersburg,1.51,0.01,17,0.39,1.33,0.02,clear-day,Clear,none
Completed,Uber,0:20:14,34,13,uberX,1.0,Kia,1,Saint Petersburg,4.1,10.99,17,0.38,1.35,0,clear-day,Clear,none
Completed,Uber,0:14:29,26,11,uberX,1.0,Kia,1,Saint Petersburg,2.85,5.33,21,0.29,3.12,0,clear-day,Clear,none
Completed,Uber,0:28:54,36,7,uberX,1.0,Hyundai,1,Saint Petersburg,4.82,9.4,22,0.29,3.0,0.04,clear-day,Clear,none
Completed,Uber,0:24:07,28,3,uberX,1.0,Kia,1,Saint Petersburg,4.87,14.68,21,0.31,1.39,0.03,clear-day,Clear,none
Completed,Uber,0:15:19,20,4,uberX,1.0,Volvo,1,Saint Petersburg,3.13,7.11,18,0.35,1.97,0,clear-day,Clear,none
Completed,Uber,0:08:33,18,9,uberX,1.0,Lifan,1,Saint Petersburg,2.06,3.77,17,0.38,2.32,0.23,clear-day,Clear,none
Completed,Uber,0:19:28,25,5,uberX,1.0,Hyundai,1,Saint Petersburg,3.74,8.14,10,0.6,5.04,0.38,partly-cloudy-day,Partly Cloudy,none
Completed,Uber,0:17:44,19,1,uberX,1.0,Renault,1,Saint Petersburg,3.25,5.39,13,0.38,0.88,0.31,partly-cloudy-day,Partly Cloudy,none
Completed,Uber,0:31:38,44,12,uberX,1.0,Nissan,1,Saint Petersburg,5.78,15.14,17,0.3,3.31,0.34,partly-cloudy-day,Partly Cloudy,none
Completed,Uber,0:17:04,19,1,uberX,1.0,Dacia,1,Saint Petersburg,3.28,6.47,16,0.33,3.54,0.09,clear-day,Clear,none
Completed,Uber,0:18:01,28,9,uberX,1.0,Renault,1,Saint Petersburg,4.09,13.04,15,0.38,2.58,0.08,clear-day,Clear,none
Completed,Uber,0:26:55,31,4,uberX,1.0,Hyundai,1,Saint Petersburg,4.94,12.05,18,0.35,5.3,0.53,partly-cloudy-day,Partly Cloudy,none
Completed,Uber,0:36:24,44,7,uberX,1.0,Hyundai,0,Saint Petersburg,6.5,17.11,18,0.34,5.7,0.74,partly-cloudy-day,Mostly Cloudy,none
Completed,Uber,0:08:22,12,3,uberX,1.0,Chevrolet,1,Saint Petersburg,1.98,3.01,19,0.33,5.46,0.73,partly-cloudy-day,Mostly Cloudy,none
Completed,Uber,0:12:21,18,5,uberX,1.0,Toyota,1,Saint Petersburg,2.52,4.22,18,0.35,2.86,0.11,clear-day,Clear,none
Completed,Uber,0:09:14,16,6,uberX,1.0,Nissan,1,Saint Petersburg,2.16,3.7,15,0.46,5.55,0.39,partly-cloudy-day,Partly Cloudy,none
Completed,Uber,0:19:13,25,5,uberX,1.0,Hyundai,1,Saint Petersburg,3.72,8.16,18,0.34,4.38,0.73,partly-cloudy-day,Mostly Cloudy,rain
Completed,Uber,0:24:30,28,3,uberX,1.0,Ford,1,Saint Petersburg,3.85,5.09,14,0.66,1.68,0.83,partly-cloudy-day,Mostly Cloudy,none
Completed,Uber,0:33:34,47,13,uberX,1.0,Citroen,1,Saint Petersburg,4.97,6.73,16,0.54,1.86,0,clear-day,Clear,none
Completed,Uber,0:26:26,34,7,uberX,1.0,Hyundai,1,Saint Petersburg,5.74,20.68,15,0.71,1.06,0.86,partly-cloudy-day,Mostly Cloudy,none
Completed,Uber,0:32:16,42,9,uberX,1.0,Chevrolet,1,Saint Petersburg,5.86,15.98,16,0.66,2.42,0,clear-day,Clear,none
Completed,Uber,0:02:40,7,4,uberX,1.0,Volkswagen,1,Saint Petersburg,1.23,1.85,16,0.8,2.01,0,clear-day,Clear,none
Cancelled,Uber,0:15:32,27,11,uberX,1.0,Nissan,1,Saint Petersburg,2.48,0.93,23,0.33,3.2,0.4,partly-cloudy-day,Partly Cloudy,none
Completed,Uber,0:05:48,18,12,uberX,1.0,Hyundai,1,Saint Petersburg,1.76,3.38,16,0.35,4.18,0.47,partly-cloudy-day,Partly Cloudy,none
Completed,Uber,0:16:24,24,7,uberX,1.0,Renault,1,Saint Petersburg,3.63,10.11,13,0.53,1.06,0.59,partly-cloudy-day,Partly Cloudy,none
Completed,Uber,0:21:32,28,6,uberX,1.0,Seat,1,Saint Petersburg,4.15,10.17,10,0.71,1.53,0.44,partly-cloudy-day,Partly Cloudy,rain
Completed,Uber,0:08:39,13,4,uberX,1.0,Kia,1,Saint Petersburg,2.17,4.6,13,0.69,4.0,0.89,rain,Light Rain,rain
Completed,Uber,0:12:53,22,9,uberX,1.0,Renault,1,Saint Petersburg,3.2,9.96,9,0.85,3.72,0.98,cloudy,Overcast,none
Completed,Uber,0:14:45,20,5,uberX,1.0,Lada,1,Saint Petersburg,3.45,10.53,8,0.83,1.59,0.39,partly-cloudy-night,Partly Cloudy,none
Completed,Uber,0:17:25,22,4,uberX,1.0,Nissan,1,Saint Petersburg,3.86,11.6,22,0.39,3.49,0.72,partly-cloudy-day,Mostly Cloudy,none
Completed,Uber,0:26:41,35,8,uberX,1.0,Kia,1,Saint Petersburg,5.01,13.31,19,0.89,4.05,0.53,rain,Light Rain,rain
Completed,Uber,0:36:29,40,3,uberX,1.0,Nissan,1,Saint Petersburg,6.17,13.6,20,0.77,3.86,0.75,rain,Light Rain,rain
Completed,Uber,0:18:27,25,6,uberX,1.0,Nissan,1,Saint Petersburg,4.09,12.34,18,0.69,6.34,0.83,partly-cloudy-day,Mostly Cloudy,rain
Completed,Uber,0:03:42,11,7,uberX,1.0,Renault,1,Saint Petersburg,1.33,1.46,15,0.89,6.8,0.99,rain,Drizzle,rain
Completed,Uber,0:16:47,25,8,uberX,1.0,Dacia,1,Saint Petersburg,3.78,10.8,20,0.64,1.84,0.34,partly-cloudy-day,Partly Cloudy,rain
Completed,Uber,0:07:58,15,7,uberX,1.0,Kia,1,Saint Petersburg,2.09,4.51,22,0.6,1.9,0.36,partly-cloudy-day,Partly Cloudy,none
Completed,Uber,0:14:43,16,1,uberX,1.0,Kia,1,Saint Petersburg,2.86,5.05,23,0.6,1.99,0.53,partly-cloudy-day,Partly Cloudy,none
Completed,Uber,0:05:42,10,4,uberX,1.0,Opel,1,Saint Petersburg,1.78,3.93,22,0.75,2.95,0.76,partly-cloudy-day,Mostly Cloudy,none
Completed,Uber,0:16:14,25,8,uberX,1.0,Kia,1,Saint Petersburg,3.35,7.23,17,0.69,1.16,0.47,partly-cloudy-day,Partly Cloudy,none
Completed,Uber,0:09:13,19,9,uberX,1.0,Datsun,1,Saint Petersburg,2.3,4.7,16,0.91,3.25,0.7,partly-cloudy-day,Mostly Cloudy,none
Completed,Uber,0:21:48,27,5,uberX,1.0,Volkswagen,0,Saint Petersburg,4.66,14.24,20,0.85,2.75,0.96,cloudy,Overcast,none
Completed,Uber,0:08:38,17,8,uberX,1.0,Chevrolet,1,Saint Petersburg,2.08,3.51,22,0.76,2.73,0.8,partly-cloudy-day,Mostly Cloudy,none
Completed,Uber,0:21:31,25,3,uberX,1.0,Kia,1,Saint Petersburg,4.41,12.33,22,0.77,2.35,0.96,cloudy,Overcast,none
Completed,Gett,0:21:56,38,16,EconomyFix,,Citroen,1,Saint Petersburg,2.63,23.7,22,0.81,2.47,0.87,partly-cloudy-day,Mostly Cloudy,none
Completed,Gett,0:18:22,36,17,EconomyFix,,Kia,1,Saint Petersburg,2.26,3.74,21,0.85,2.78,0.97,cloudy,Overcast,none
Completed,Gett,0:47:58,57,9,EconomyFix,,Skoda,1,Saint Petersburg,5.28,9.54,21,0.82,2.64,0.8,partly-cloudy-day,Mostly Cloudy,none
Completed,Uber,0:14:31,22,7,uberX,1.0,Renault,1,Saint Petersburg,2.54,2.77,20,0.63,2.74,0.4,partly-cloudy-day,Partly Cloudy,none
Completed,Uber,0:11:23,22,10,uberX,1.0,Lifan,1,Saint Petersburg,2.21,2.64,20,0.74,2.35,0.42,partly-cloudy-day,Partly Cloudy,rain
Completed,Uber,0:05:48,9,3,uberX,1.0,Kia,1,Saint Petersburg,1.71,3.38,21,0.58,4.94,0.31,partly-cloudy-day,Partly Cloudy,rain
Completed,Uber,0:14:36,25,10,uberX,1.0,Hyundai,1,Saint Petersburg,2.83,4.92,21,0.57,3.26,0.6,partly-cloudy-day,Mostly Cloudy,none
Completed,Uber,0:42:32,49,6,uberX,1.0,Volkswagen,1,Saint Petersburg,9.38,37.16,22,0.49,7.53,0.69,wind,Breezy and Mostly Cloudy,none
Completed,Uber,0:12:48,26,13,uberX,1.0,Volkswagen,1,Saint Petersburg,2.78,5.89,21,0.54,7.01,0.39,wind,Breezy and Partly Cloudy,none
Completed,Uber,0:10:45,20,9,uberX,1.0,Volkswagen,1,Saint Petersburg,2.47,4.88,17,0.59,4.11,0.15,clear-day,Clear,none
Completed,Uber,0:26:31,37,10,uberX,1.0,Mitsubishi,1,Saint Petersburg,4.41,7.0,15,0.63,3.97,0.47,partly-cloudy-day,Partly Cloudy,none
Completed,Uber,0:42:00,56,14,uberX,1.0,Volkswagen,0,Saint Petersburg,6.71,12.47,14,0.89,3.99,0.99,cloudy,Overcast,none
Completed,Uber,0:05:57,13,7,uberX,1.0,Opel,1,Saint Petersburg,1.68,2.57,16,0.59,1.22,0.72,partly-cloudy-day,Mostly Cloudy,none
Completed,Uber,0:30:16,38,7,uberX,1.0,Opel,1,Saint Petersburg,5.16,10.33,18,0.55,6.95,0.1,clear-day,Clear,none
Completed,Uber,0:09:39,17,7,uberX,1.0,Volkswagen,1,Saint Petersburg,2.16,3.22,18,0.54,7.07,0.24,wind,Breezy,none
Completed,Uber,0:08:18,18,9,uberBEAUTY,1.0,Mercedes-Benz,1,Saint Petersburg,3.06,0.01,12,0.67,2.91,0.76,partly-cloudy-day,Mostly Cloudy,rain
Completed,Uber,0:03:46,8,4,uberX,1.0,Kia,1,Saint Petersburg,1.37,1.64,12,0.72,4.63,0.75,partly-cloudy-day,Mostly Cloudy,none
Completed,Uber,0:05:03,13,7,uberX,1.0,Dacia,1,Saint Petersburg,1.52,1.79,11,0.76,3.7,0.8,partly-cloudy-day,Mostly Cloudy,none
Completed,Uber,0:09:02,15,5,uberX,1.0,Kia,1,Saint Petersburg,2.23,4.33,9,0.87,4.25,0.93,partly-cloudy-day,Mostly Cloudy,none
Cancelled,Uber,0:02:14,5,2,uberX,1.3,Skoda,1,Saint Petersburg,1.33,0.02,9,0.88,5.55,1,cloudy,Overcast,rain
Completed,Uber,0:13:12,14,0,uberX,1.0,Skoda,1,Saint Petersburg,3.5,4.3,9,0.88,5.7,1,cloudy,Overcast,rain
Completed,Uber,0:24:54,35,10,uberX,1.0,Mazda,1,Saint Petersburg,4.68,10.78,10,0.88,3.22,0.98,rain,Light Rain,rain
Completed,Uber,0:29:08,36,6,uberX,1.0,Hyundai,1,Saint Petersburg,5.44,13.49,11,0.82,4.62,0.75,rain,Drizzle,rain
Completed,Gett,0:15:01,31,15,Comfort,,Kia,1,Saint Petersburg,4.78,9.27,12,0.77,3.96,0.82,partly-cloudy-day,Mostly Cloudy,rain
Completed,Gett,0:15:06,24,8,Comfort,,Hyundai,1,Saint Petersburg,4.78,7.84,10,0.86,1.9,0.75,partly-cloudy-day,Mostly Cloudy,none
Completed,Gett,0:26:55,46,19,Comfort,,Hyundai,1,Saint Petersburg,7.52,17.13,12,0.76,2.53,0.97,cloudy,Overcast,none
Completed,Gett,0:22:09,31,8,Comfort,,SsangYong,1,Saint Petersburg,6.52,12.89,12,0.76,2.44,0.92,partly-cloudy-day,Mostly Cloudy,none
Completed,Uber,0:18:59,27,8,uberX,1.0,Volkswagen,1,Saint Petersburg,3.86,9.16,10,0.94,1.04,1,fog,Foggy,none
Completed,Gett,0:21:21,27,5,EconomyFix,,Volkswagen,1,Saint Petersburg,6.24,11.78,12,0.94,0.96,0.96,cloudy,Overcast,none
Completed,Gett,0:16:51,24,7,EconomyFix,,Kia,1,Saint Petersburg,5.07,10.66,13,0.89,2.68,0.72,partly-cloudy-day,Mostly Cloudy,none
Completed,Gett,0:30:26,54,23,EconomyFix,,Skoda,1,Saint Petersburg,5.85,12.84,13,0.9,1.62,0.54,partly-cloudy-day,Partly Cloudy,none
Completed,Gett,0:09:37,19,9,Comfort,,Kia,1,Saint Petersburg,3.01,4.88,10,0.92,2.9,0.94,cloudy,Overcast,none
Completed,Gett,0:12:42,23,10,Business,,Audi,1,Saint Petersburg,6.64,7.6,11,0.9,3.96,0.77,partly-cloudy-day,Mostly Cloudy,none
Completed,Gett,0:26:27,37,10,EconomyFix,,Volkswagen,1,Saint Petersburg,5.34,10.56,14,0.72,5.7,0.75,rain,Light Rain,rain
Completed,Uber,0:26:07,31,4,uberX,1.0,Nissan,1,Saint Petersburg,4.91,10.85,15,0.69,5.73,0.74,rain,Drizzle,rain
Completed,Gett,0:23:49,28,4,EconomyFix,,Hyundai,1,Saint Petersburg,5.34,10.71,14,0.74,6.37,0.74,partly-cloudy-day,Mostly Cloudy,rain
Completed,Uber,0:10:25,14,3,uberX,1.0,Skoda,1,Saint Petersburg,2.37,3.73,14,0.76,5.89,0.74,partly-cloudy-day,Mostly Cloudy,rain
Completed,Uber,0:15:34,18,2,uberX,1.0,Renault,1,Saint Petersburg,3.44,8.18,13,0.73,6.83,0.7,rain,Drizzle,rain
Completed,Uber,0:08:27,16,7,uberX,1.0,Hyundai,1,Saint Petersburg,2.3,4.86,7,0.72,5.83,0.82,partly-cloudy-day,Mostly Cloudy,none
Completed,Uber,0:14:28,22,7,uberX,1.0,Chrysler,1,Saint Petersburg,3.12,6.12,7,0.72,7.64,0.16,wind,Breezy,none
Completed,Gett,0:16:54,25,8,EconomyFix,,Hyundai,1,Saint Petersburg,4.58,7.63,6,0.71,4.49,0.88,partly-cloudy-day,Mostly Cloudy,none
Completed,Gett,0:14:52,21,6,EconomyFix,,Toyota,1,Saint Petersburg,2.06,3.44,7,0.7,6.08,0.87,partly-cloudy-day,Mostly Cloudy,none
Completed,Uber,0:20:04,28,7,uberX,1.0,Skoda,1,Saint Petersburg,4.17,10.3,4,0.95,1.31,0.99,cloudy,Overcast,none
Completed,Uber,0:22:25,28,5,uberX,1.0,Kia,1,Saint Petersburg,4.48,10.75,5,0.87,0.91,0.94,cloudy,Overcast,rain
Completed,Uber,0:12:15,15,2,uberX,1.0,Volkswagen,1,Saint Petersburg,2.84,6.05,4,0.69,2.09,0.91,partly-cloudy-day,Mostly Cloudy,none
Completed,Uber,0:11:39,22,10,uberX,1.0,Volkswagen,1,Saint Petersburg,2.76,5.92,4,0.71,2.41,0.88,partly-cloudy-day,Mostly Cloudy,none
Completed,Uber,0:15:45,23,7,uberX,1.0,Skoda,1,Saint Petersburg,3.7,10.04,3,0.71,2.75,0.45,partly-cloudy-day,Partly Cloudy,none
Completed,Uber,0:07:45,13,5,uberX,1.0,Ford,1,Saint Petersburg,1.96,2.59,3,0.71,5.05,0.87,partly-cloudy-night,Mostly Cloudy,none
Completed,Uber,0:18:11,30,11,uberX,1.0,Saturn,1,Saint Petersburg,4.45,14.26,2,0.68,4.33,0.31,partly-cloudy-night,Partly Cloudy,none
Completed,Uber,0:16:32,24,7,uberX,1.0,Volkswagen,1,Saint Petersburg,3.84,10.77,0,0.98,1.75,0.98,cloudy,Overcast,none
Completed,Uber,0:35:06,42,6,uberX,1.0,Ford,1,Saint Petersburg,6.38,14.97,1,0.98,0.86,0.89,partly-cloudy-day,Mostly Cloudy,none
Completed,Uber,0:40:59,51,10,uberX,1.0,Hyundai,1,Saint Petersburg,6.99,14.5,4,0.95,5.53,0.98,cloudy,Overcast,rain
Completed,Uber,0:16:46,29,12,uberX,1.0,Renault,1,Saint Petersburg,3.86,10.8,5,0.94,5.73,1,cloudy,Overcast,rain
Completed,Uber,0:26:52,33,6,uberX,1.0,Ford,1,Saint Petersburg,4.96,10.88,0,0.94,0.67,0.91,partly-cloudy-night,Mostly Cloudy,none
Completed,Gett,1:24:48,95,10,EconomyFix,,Ford,1,Saint Petersburg,9.0,22.63,0,0.87,1.78,0.88,partly-cloudy-night,Mostly Cloudy,none
Completed,Uber,0:11:04,19,7,uberX,1.0,Lifan,1,Saint Petersburg,2.64,5.76,-3,0.9,4.89,0.71,partly-cloudy-night,Mostly Cloudy,none
Completed,Gett,0:21:20,39,17,EconomyFix,,Kia,1,Saint Petersburg,5.28,10.04,-2,0.89,3.08,0.83,partly-cloudy-day,Mostly Cloudy,none
Completed,Uber,0:36:11,48,11,uberX,1.0,Toyota,1,Saint Petersburg,5.9,10.43,-7,0.88,5.1,0.71,partly-cloudy-night,Mostly Cloudy,snow
Completed,Uber,0:18:43,26,7,uberX,1.0,Mitsubishi,1,Saint Petersburg,3.64,7.24,-5,0.86,4.07,0.81,partly-cloudy-day,Mostly Cloudy,none
Completed,Uber,0:35:40,48,12,uberX,1.0,Ford,1,Saint Petersburg,5.67,10.49,-3,0.86,4.0,0.89,partly-cloudy-night,Mostly Cloudy,none
Completed,Uber,0:20:31,32,11,uberX,1.0,Kia,0,Saint Petersburg,4.1,10.4,0,0.98,4.23,0.63,snow,Flurries,snow
Completed,Uber,0:09:07,13,3,uberX,1.0,Renault,1,Saint Petersburg,2.44,5.94,1,0.92,3.63,0.92,partly-cloudy-day,Mostly Cloudy,none
Completed,Uber,0:18:38,20,1,uberX,1.0,Peugeot,1,Saint Petersburg,3.73,8.16,1,0.88,4.44,0.81,partly-cloudy-day,Mostly Cloudy,none
Cancelled,Uber,0:25:32,60,34,uberBLACK,1.0,Hyundai,1,Saint Petersburg,10.19,8.11,1,0.91,6.29,0.64,partly-cloudy-night,Mostly Cloudy,snow
Completed,Uber,0:08:58,13,4,uberX,1.0,Nissan,1,Saint Petersburg,2.29,5.13,1,0.92,4.73,0.78,partly-cloudy-night,Mostly Cloudy,none
Completed,Uber,0:05:56,9,3,uberX,1.0,Kia,1,Saint Petersburg,1.65,2.25,0,0.98,4.56,0.67,partly-cloudy-day,Mostly Cloudy,none
Completed,Uber,0:09:52,16,6,uberX,1.0,Volkswagen,1,Saint Petersburg,2.28,4.15,0,0.97,4.48,0.88,partly-cloudy-day,Mostly Cloudy,none
Completed,Uber,0:23:13,33,9,uberX,1.0,Ford,1,Saint Petersburg,3.78,4.73,0,0.92,3.08,0.88,partly-cloudy-day,Mostly Cloudy,none
Completed,Uber,0:47:09,59,11,uberX,1.0,Renault,1,Saint Petersburg,7.27,13.08,0,0.91,2.11,0.78,partly-cloudy-night,Mostly Cloudy,none
Completed,Uber,0:14:09,25,10,uberBLACK,1.0,Audi,1,Saint Petersburg,6.32,4.46,2,0.94,2.96,0.64,partly-cloudy-night,Mostly Cloudy,none
Completed,Uber,0:12:05,15,2,uberX,1.0,Mitsubishi,1,Saint Petersburg,2.7,5.79,2,0.99,2.63,0.59,partly-cloudy-night,Partly Cloudy,none
Completed,Uber,0:07:54,14,6,uberX,1.0,Skoda,1,Saint Petersburg,2.07,4.2,-1,0.9,4.43,0.99,cloudy,Overcast,snow
Completed,Uber,0:13:30,22,8,uberX,1.0,Skoda,1,Saint Petersburg,2.71,4.51,-2,0.93,4.32,0.91,partly-cloudy-day,Mostly Cloudy,none
Completed,Uber,0:14:07,23,8,uberX,1.0,Lexus,0,Saint Petersburg,2.94,5.99,-2,0.92,3.68,0.94,cloudy,Overcast,none
Completed,Uber,0:24:07,35,10,uberX,1.0,Hyundai,1,Saint Petersburg,4.71,12.38,-2,0.83,6.21,0.62,partly-cloudy-night,Mostly Cloudy,none
Completed,Uber,0:07:52,11,3,uberX,1.0,Toyota,1,Saint Petersburg,1.98,3.32,-6,0.82,5.34,0.76,partly-cloudy-night,Mostly Cloudy,none
Completed,Uber,0:23:02,30,6,uberX,1.0,Chevrolet,1,Saint Petersburg,4.08,7.63,-6,0.82,7.56,1,cloudy,Overcast,none
Completed,Uber,0:10:01,19,8,uberX,1.0,Ford,1,Saint Petersburg,2.33,4.46,-6,0.82,5.37,0.97,cloudy,Overcast,none
Completed,Uber,1:01:17,70,8,uberBLACK,1.0,Mercedes-Benz,1,Saint Petersburg,22.65,20.41,-6,0.82,6.08,0.99,cloudy,Overcast,none
Completed,Uber,0:06:41,14,7,uberX,1.0,Skoda,1,Saint Petersburg,1.75,2.46,-8,0.86,2.57,0,clear-night,Clear,none
Completed,Uber,0:15:27,27,11,uberX,1.0,Suzuki,1,Saint Petersburg,2.83,3.73,-8,0.92,2.12,0.36,partly-cloudy-night,Partly Cloudy,none
Completed,Uber,0:07:29,12,4,uberX,1.0,Toyota,1,Saint Petersburg,1.87,2.56,-7,0.9,3.0,0.94,cloudy,Overcast,none
Completed,Uber,0:15:40,23,7,uberX,1.0,Honda,1,Saint Petersburg,3.85,10.7,-8,0.87,2.86,0.56,partly-cloudy-day,Partly Cloudy,none
Completed,Uber,0:29:08,32,2,uberX,1.0,Skoda,1,Saint Petersburg,5.68,13.1,-8,0.88,2.88,0.71,partly-cloudy-day,Mostly Cloudy,none
Completed,Uber,0:11:26,21,9,uberX,1.0,Skoda,1,Saint Petersburg,2.41,2.32,-8,0.91,1.59,0.95,cloudy,Overcast,none
Cancelled,Uber,0:05:00,10,5,uberX,1.0,Nissan,1,Saint Petersburg,1.63,0.01,-7,0.88,2.72,1,cloudy,Overcast,none
Completed,Uber,0:06:50,14,7,uberX,1.0,Hyundai,1,Saint Petersburg,1.86,2.16,-7,0.88,2.63,1,cloudy,Overcast,none
Completed,Uber,0:30:43,38,7,uberX,1.0,Mitsubishi,1,Saint Petersburg,5.73,12.97,-5,0.79,2.5,0.95,cloudy,Overcast,none
Completed,Uber,0:17:14,32,14,uberBLACK,1.0,BMW,1,Saint Petersburg,8.74,8.37,-2,0.94,3.21,0.94,cloudy,Overcast,none
Completed,Uber,0:25:29,30,4,uberX,1.0,Mitsubishi,1,Saint Petersburg,4.75,9.46,-1,0.99,3.37,0.93,partly-cloudy-day,Mostly Cloudy,none
Completed,Uber,0:35:15,50,14,uberX,1.0,Hyundai,1,Saint Petersburg,5.87,9.69,0,0.94,4.04,1,cloudy,Overcast,none
Completed,Uber,0:25:08,32,6,uberX,1.0,Volkswagen,1,Saint Petersburg,5.28,14.44,0,0.99,1.12,1,cloudy,Overcast,none
Completed,Uber,1:04:59,72,7,uberX,1.0,Honda,1,Saint Petersburg,9.38,9.88,2,0.86,5.5,0.83,partly-cloudy-night,Mostly Cloudy,none
Completed,Uber,0:31:20,38,6,uberX,1.0,Nissan,1,Saint Petersburg,5.81,12.3,3,0.86,4.98,0.91,partly-cloudy-day,Mostly Cloudy,none
Completed,Uber,0:14:40,19,4,uberX,1.0,Hyundai,1,Saint Petersburg,3.69,10.48,3,0.9,4.99,0.85,partly-cloudy-day,Mostly Cloudy,none
Completed,Uber,0:23:36,32,8,uberX,1.0,Mitsubishi,1,Saint Petersburg,4.15,5.49,2,0.87,5.46,0.98,cloudy,Overcast,rain
Completed,Uber,0:07:29,18,10,uberX,1.4,Chevrolet,1,Saint Petersburg,2.76,2.38,-2,0.86,3.88,0.84,partly-cloudy-day,Mostly Cloudy,none
Completed,Uber,0:13:10,21,7,uberX,1.0,Nissan,1,Saint Petersburg,2.83,4.12,-3,0.85,5.21,0.99,cloudy,Overcast,none
Completed,Uber,0:25:43,38,12,uberX,1.0,Toyota,1,Saint Petersburg,4.78,8.42,-3,0.85,4.66,1,cloudy,Overcast,none
Completed,Uber,0:17:30,24,6,uberX,1.0,Ford,1,Saint Petersburg,4.04,10.27,0,0.8,4.68,0.81,partly-cloudy-day,Mostly Cloudy,none
Completed,Uber,0:11:19,23,11,uberX,1.4,Hyundai,1,Saint Petersburg,3.38,2.41,0,0.92,5.07,0.98,cloudy,Overcast,none
Completed,Uber,0:09:08,19,9,uberX,1.0,Lifan,1,Saint Petersburg,2.14,2.17,2,0.87,4.39,1,cloudy,Overcast,none
Completed,Uber,0:38:12,42,3,uberBLACK,1.0,Mercedes-Benz,1,Saint Petersburg,29.7,31.35,-19,0.77,0.55,0.35,partly-cloudy-day,Partly Cloudy,none
Completed,Uber,0:38:12,42,3,uberX,1.0,Renault,1,Saint Petersburg,11.74,33.35,-16,0.78,4.17,0.73,snow,Flurries,snow
Completed,Uber,0:11:58,21,9,uberX,1.0,Ford,1,Saint Petersburg,2.8,4.81,-5,0.79,4.35,0.54,partly-cloudy-day,Partly Cloudy,none
Completed,Uber,0:11:51,17,5,uberX,1.0,Ford,1,Saint Petersburg,2.89,5.66,-6,0.8,5.17,0.62,partly-cloudy-night,Mostly Cloudy,none
Completed,Uber,0:16:20,18,1,uberX,1.0,Peugeot,1,Saint Petersburg,3.05,2.43,-3,0.85,5.58,0.86,partly-cloudy-night,Mostly Cloudy,none
Completed,Uber,0:06:04,14,7,uberX,1.0,Hyundai,1,Saint Petersburg,1.84,2.41,-3,0.83,6.8,0.75,partly-cloudy-day,Mostly Cloudy,none
Completed,Uber,0:11:09,18,6,uberX,1.0,Renault,1,Saint Petersburg,2.73,4.89,-3,0.78,7.0,0.86,partly-cloudy-day,Mostly Cloudy,none
Completed,Uber,0:14:16,18,3,uberX,1.0,Volkswagen,1,Saint Petersburg,3.24,6.08,-3,0.77,6.47,0.78,partly-cloudy-day,Mostly Cloudy,none
Completed,Uber,0:17:56,27,9,uberX,1.0,Lada,1,Saint Petersburg,3.82,7.4,-3,0.77,6.66,0.96,cloudy,Overcast,none
Completed,Uber,0:18:26,26,7,uberX,1.0,Hyundai,1,Saint Petersburg,4.27,10.77,0,0.9,4.78,0.94,cloudy,Overcast,snow
Completed,Uber,0:24:05,28,3,uberX,1.0,Volkswagen,1,Saint Petersburg,5.3,13.89,0,0.91,4.61,0.92,partly-cloudy-day,Mostly Cloudy,none
Completed,Uber,0:38:15,41,2,uberX,1.0,Hyundai,1,Saint Petersburg,6.5,10.12,-4,0.87,0.79,1,cloudy,Overcast,none
Completed,Uber,0:33:12,37,3,uberX,1.0,Renault,1,Saint Petersburg,11.73,34.08,1,0.92,7.64,0.95,cloudy,Overcast,none
Completed,Uber,0:34:54,42,7,uberX,1.0,Kia,1,Saint Petersburg,6.3,11.6,-9,0.83,0.39,0.12,clear-day,Clear,none
Completed,Uber,0:45:09,51,5,uberX,1.0,Ford,1,Saint Petersburg,7.65,12.83,-7,0.84,2.49,0.57,partly-cloudy-day,Partly Cloudy,none
Completed,Uber,0:35:00,38,3,uberX,1.0,Mazda,1,Saint Petersburg,11.61,33.74,1,0.98,2.66,0.92,partly-cloudy-night,Mostly Cloudy,none
Completed,Uber,0:32:18,38,5,uberX,1.0,Hyundai,0,Saint Petersburg,6.06,11.62,-2,0.9,2.28,0.91,partly-cloudy-day,Mostly Cloudy,none
Completed,Uber,0:34:18,37,2,uberX,1.0,Volkswagen,1,Saint Petersburg,6.48,13.23,-2,0.94,1.63,1,cloudy,Overcast,none
Completed,Uber,0:31:21,36,4,uberX,1.0,Nissan,1,Saint Petersburg,6.16,13.62,-9,0.85,1.09,0.49,partly-cloudy-night,Partly Cloudy,none
Completed,Uber,0:15:59,26,10,uberX,1.0,Kia,1,Saint Petersburg,3.52,6.55,-10,0.82,0.98,0.49,partly-cloudy-day,Partly Cloudy,none
Completed,Uber,0:19:00,21,2,uberX,1.0,Kia,1,Saint Petersburg,3.97,7.29,-11,0.86,1.65,0.38,partly-cloudy-day,Partly Cloudy,none
Completed,Uber,0:36:58,42,5,uberX,1.0,Ford,1,Saint Petersburg,12.26,34.07,3,0.8,6.74,0,clear-night,Clear,none
Completed,Uber,0:23:03,33,9,uberX,1.0,Nissan,1,Saint Petersburg,3.48,6.69,-2,0.58,6.0,0,clear-day,Clear,none
Completed,Uber,0:20:14,26,5,uberX,1.0,Geely,1,Saint Petersburg,4.44,7.72,-3,0.64,4.41,0.21,clear-day,Clear,none
Completed,Uber,0:19:39,26,6,uberX,1.0,Ford,1,Saint Petersburg,4.26,7.11,5,0.71,2.04,0.53,partly-cloudy-day,Partly Cloudy,none
Completed,Uber,0:14:41,20,5,uberX,1.0,Skoda,1,Saint Petersburg,3.58,7.35,3,0.75,2.05,0.75,partly-cloudy-day,Mostly Cloudy,none
Completed,Uber,0:29:14,38,8,uberX,1.0,Citroen,1,Saint Petersburg,7.58,21.16,3,0.8,0.37,0.69,partly-cloudy-day,Mostly Cloudy,none
Completed,Uber,0:32:01,33,0,uberX,1.0,Citroen,1,Saint Petersburg,6.83,23.06,2,0.83,0.51,0.55,partly-cloudy-day,Partly Cloudy,none
Completed,Uber,0:26:59,28,1,uberX,1.0,Nissan,1,Saint Petersburg,5.32,9.46,3,0.86,5.33,0.46,partly-cloudy-day,Partly Cloudy,none
Completed,Gett,0:14:04,22,7,EconomyFix,,Renault,1,Saint Petersburg,4.16,5.06,5,0.9,0.68,0.99,cloudy,Overcast,none
Completed,Gett,0:13:11,20,6,EconomyFix,,Volkswagen,1,Saint Petersburg,4.02,7.31,5,0.89,0.51,0.6,partly-cloudy-day,Mostly Cloudy,none
Completed,Gett,0:09:48,18,8,EconomyFix,,Renault,1,Saint Petersburg,2.03,3.24,7,0.64,2.74,0.86,partly-cloudy-day,Mostly Cloudy,rain
Completed,Gett,0:21:43,32,10,EconomyFix,,Chevrolet,1,Saint Petersburg,6.24,12.78,7,0.79,3.61,0.89,partly-cloudy-night,Mostly Cloudy,none
Completed,Uber,0:10:38,22,11,uberX,1.0,Renault,1,Saint Petersburg,2.49,4.73,4,0.82,5.87,0.83,partly-cloudy-day,Mostly Cloudy,none
Completed,Uber,0:18:36,28,9,uberX,1.0,Volkswagen,1,Saint Petersburg,2.85,6.61,5,0.72,4.48,0.68,partly-cloudy-day,Mostly Cloudy,none
Completed,Uber,0:17:53,25,7,uberX,1.0,Lifan,1,Saint Petersburg,2.82,4.89,5,0.5,3.56,0.13,clear-day,Clear,none
Completed,Uber,0:19:34,27,7,uberX,1.0,Volkswagen,1,Saint Petersburg,3.22,10.12,13,0.25,3.76,0.52,partly-cloudy-day,Partly Cloudy,none
Completed,Uber,0:29:30,38,8,uberX,1.0,Chevrolet,1,Saint Petersburg,9.93,33.78,9,0.77,0.47,0.76,partly-cloudy-day,Mostly Cloudy,none
Completed,Uber,1:17:46,86,8,uberX,1.0,Volkswagen,1,Saint Petersburg,9.93,44.9,13,0.62,3.13,0.53,partly-cloudy-day,Partly Cloudy,none
Completed,Uber,0:17:48,26,8,uberX,1.0,Opel,1,Saint Petersburg,4.6,8.38,15,0.52,4.5,0.68,partly-cloudy-day,Mostly Cloudy,none
Completed,Uber,0:16:23,20,3,uberX,1.0,Nissan,1,Saint Petersburg,3.08,8.77,16,0.5,6.21,0.32,partly-cloudy-day,Partly Cloudy,none
Completed,Uber,0:16:20,26,9,uberX,1.0,Hyundai,1,Saint Petersburg,2.83,5.7,14,0.38,2.43,0.43,partly-cloudy-day,Partly Cloudy,none
Completed,Uber,0:20:55,30,9,uberX,1.0,Geely,1,Saint Petersburg,3.41,6.05,14,0.37,1.89,0.52,partly-cloudy-day,Partly Cloudy,none
Completed,Uber,0:18:15,24,5,uberX,1.0,Hyundai,1,Saint Petersburg,2.58,4.72,5,0.8,6.63,0.93,partly-cloudy-day,Mostly Cloudy,none
Completed,Uber,0:15:47,26,10,uberX,1.0,Hyundai,1,Saint Petersburg,3.92,6.52,5,0.84,5.64,0.96,cloudy,Overcast,none
Completed,Uber,0:25:14,30,4,uberX,1.0,Citroen,1,Saint Petersburg,4.7,10.98,11,0.43,3.16,0.25,partly-cloudy-day,Partly Cloudy,none
Completed,Uber,0:25:33,34,8,uberX,1.0,Hyundai,1,Saint Petersburg,4.89,15.24,13,0.34,4.13,0.16,clear-day,Clear,none
Completed,Uber,0:44:59,55,10,uberX,1.0,Hyundai,1,Saint Petersburg,7.47,18.27,15,0.71,1.71,0.64,partly-cloudy-day,Mostly Cloudy,none
Completed,Uber,0:36:28,47,10,uberX,1.0,Nissan,1,Saint Petersburg,8.46,18.73,17,0.64,1.79,0.61,partly-cloudy-day,Mostly Cloudy,none
Completed,Uber,0:33:39,41,7,uberX,1.0,Nissan,1,Saint Petersburg,10.41,33.57,19,0.4,2.74,0.23,clear-day,Clear,none
Completed,Uber,0:31:23,32,0,uberX,1.0,Hyundai,1,Saint Petersburg,11.04,34.97,13,0.62,2.38,0.09,clear-night,Clear,none
Completed,Uber,0:09:11,17,7,uberX,1.0,Volkswagen,1,Saint Petersburg,2.18,4.02,12,0.9,3.59,0.92,partly-cloudy-day,Mostly Cloudy,rain
Completed,Uber,0:09:06,13,3,uberX,1.0,Ford,1,Saint Petersburg,3.06,4.09,12,0.93,2.14,0.93,partly-cloudy-day,Mostly Cloudy,rain
Completed,Uber,0:23:52,37,13,uberX,1.0,Skoda,1,Saint Petersburg,3.51,9.66,8,0.72,1.53,0.29,partly-cloudy-night,Partly Cloudy,none
Completed,Uber,0:30:42,42,11,uberX,1.0,Hyundai,1,Moscow,5.65,5.71,9,0.91,4.78,1,cloudy,Overcast,rain
Completed,Uber,0:36:02,48,11,uberX,1.0,Kia,1,Moscow,7.68,14.18,11,0.88,5.12,0,clear-day,Clear,rain
Completed,Uber,0:10:53,19,8,uberX,1.0,Hyundai,1,Moscow,2.56,3.91,15,0.69,4.2,0.98,cloudy,Overcast,rain
Completed,Uber,0:15:24,22,6,uberX,1.0,Hyundai,1,Moscow,3.91,3.51,14,0.77,4.85,0,clear-day,Clear,rain
Completed,Uber,0:26:04,29,2,uberSELECT,1.0,Toyota,1,Moscow,10.04,11.23,20,0.52,4.57,0,clear-day,Clear,rain
Completed,Uber,0:13:17,21,7,uberSELECT,1.0,Kia,1,Moscow,8.1,7.16,15,0.68,1.84,0.14,clear-night,Clear,rain
Completed,Uber,0:13:06,17,3,uberX,1.0,Kia,1,Moscow,3.0,4.73,25,0.32,4.66,0.58,partly-cloudy-day,Partly Cloudy,rain
Completed,Uber,0:24:45,34,9,uberX,1.0,Hyundai,1,Moscow,4.98,13.33,17,0.87,4.73,1,cloudy,Overcast,rain
Cancelled,Uber,0:00:26,2,1,uberX,1.0,Kia,1,Saint Petersburg,0.84,0.01,17,0.58,4.29,0.14,clear-day,Clear,none
Cancelled,Uber,0:01:10,3,1,uberX,1.0,Hyundai,1,Saint Petersburg,0.86,0.64,17,0.58,4.28,0.13,clear-day,Clear,none
Completed,Uber,0:28:56,37,8,uberX,1.0,Renault,1,Saint Petersburg,11.62,34.49,17,0.59,4.2,0.13,clear-day,Clear,none
Completed,Uber,0:25:45,33,7,uberX,1.0,Kia,1,Saint Petersburg,4.19,8.82,14,0.73,3.04,0.49,partly-cloudy-day,Partly Cloudy,none
Completed,Uber,0:47:34,59,11,uberX,1.0,Fiat,1,Saint Petersburg,7.55,11.65,12,0.79,2.41,0.99,cloudy,Overcast,none
Completed,Uber,0:09:45,14,4,uberX,1.0,Mazda,1,Saint Petersburg,1.91,2.24,13,0.9,3.31,0.87,partly-cloudy-day,Mostly Cloudy,none
Completed,Uber,0:25:13,41,15,uberX,1.0,Nissan,0,Saint Petersburg,3.62,8.37,14,0.59,4.72,0.77,partly-cloudy-day,Mostly Cloudy,none
Completed,Uber,0:17:57,32,14,uberX,1.0,Peugeot,1,Saint Petersburg,4.11,8.37,16,0.74,4.61,0.92,partly-cloudy-day,Mostly Cloudy,none
Completed,Uber,0:42:41,55,12,uberX,1.0,Renault,1,Saint Petersburg,4.45,9.48,16,0.7,5.53,0.41,partly-cloudy-day,Partly Cloudy,none
Completed,Uber,0:13:26,22,8,uberX,1.4,Nissan,1,Saint Petersburg,3.43,5.47,19,0.65,0.99,0.28,partly-cloudy-day,Partly Cloudy,none
Completed,Uber,0:13:23,14,0,uberX,1.0,Nissan,1,Saint Petersburg,4.94,6.08,19,0.62,0.92,0.3,partly-cloudy-day,Partly Cloudy,none
Completed,Uber,0:09:41,21,11,uberX,1.0,Ford,1,Saint Petersburg,2.46,4.54,18,0.56,2.55,0.34,partly-cloudy-day,Partly Cloudy,none
Completed,Uber,0:20:52,32,11,uberX,1.0,Nissan,1,Saint Petersburg,3.07,6.71,19,0.56,2.46,0.53,partly-cloudy-day,Partly Cloudy,none
Completed,Uber,0:22:34,29,6,uberX,1.0,Renault,1,Saint Petersburg,3.62,8.27,16,0.7,4.18,0.8,partly-cloudy-day,Mostly Cloudy,none
Completed,Uber,0:22:11,28,5,uberX,1.0,Volkswagen,1,Saint Petersburg,3.69,10.04,16,0.7,3.59,0.91,partly-cloudy-day,Mostly Cloudy,none
Completed,Uber,0:03:49,14,10,uberX,1.0,Volkswagen,1,Saint Petersburg,1.48,1.83,12,0.68,5.69,0.72,partly-cloudy-day,Mostly Cloudy,none
Completed,Uber,0:03:22,10,6,uberX,1.0,Ford,1,Saint Petersburg,1.68,1.17,13,0.67,4.23,0.88,partly-cloudy-day,Mostly Cloudy,none
Completed,Uber,0:17:46,28,10,uberX,1.0,Renault,1,Saint Petersburg,3.2,7.98,13,0.67,6.87,0.19,clear-day,Clear,none
Completed,Gett,0:26:09,44,17,EconomyFix,,Skoda,1,Saint Petersburg,8.74,13.48,19,0.57,2.3,0.28,partly-cloudy-day,Partly Cloudy,none
Completed,Uber,0:27:22,35,7,uberX,1.0,Skoda,1,Saint Petersburg,6.05,19.33,18,0.62,1.59,0.2,clear-day,Clear,none
Completed,Uber,0:35:15,48,12,uberX,1.0,Ford,1,Saint Petersburg,10.52,33.68,18,0.7,2.87,0.76,partly-cloudy-day,Mostly Cloudy,none
Completed,Uber,0:15:28,20,4,uberX,1.0,Mazda,1,Saint Petersburg,5.12,12.86,21,0.74,2.75,0.93,partly-cloudy-day,Mostly Cloudy,none
Completed,Uber,0:19:24,28,8,uberX,1.0,Volkswagen,1,Saint Petersburg,5.21,14.76,25,0.52,2.58,0.69,partly-cloudy-day,Mostly Cloudy,none
Completed,Uber,0:10:37,21,10,uberX,1.0,Hyundai,1,Saint Petersburg,3.14,6.66,21,0.72,2.32,0.39,partly-cloudy-day,Partly Cloudy,none
Completed,Uber,0:20:44,29,8,uberX,1.0,Skoda,1,Saint Petersburg,3.78,8.63,21,0.77,0.05,0.9,partly-cloudy-day,Mostly Cloudy,none
Completed,Uber,0:16:13,23,6,uberX,1.0,Volkswagen,1,Saint Petersburg,3.3,8.1,21,0.55,4.91,0.52,partly-cloudy-day,Partly Cloudy,none
Completed,Uber,0:28:44,38,9,uberX,1.0,Kia,1,Saint Petersburg,10.84,34.13,18,0.73,7.97,0.82,wind,Breezy and Mostly Cloudy,none
Completed,Uber,0:16:28,25,8,uberX,1.0,Kia,1,Saint Petersburg,2.72,6.84,20,0.63,3.76,0.31,partly-cloudy-day,Partly Cloudy,none
Completed,Uber,0:12:07,18,5,uberX,1.0,Ford,1,Saint Petersburg,1.81,3.85,22,0.54,2.91,0.53,partly-cloudy-day,Partly Cloudy,none
Completed,Uber,0:27:49,36,8,uberX,1.0,Skoda,1,Saint Petersburg,6.16,15.26,15,0.84,2.14,0.41,partly-cloudy-night,Partly Cloudy,none
Completed,Uber,0:29:53,38,8,uberX,1.0,Kia,1,Saint Petersburg,4.46,11.47,20,0.7,1.68,0,clear-day,Clear,none
Completed,Uber,0:32:30,39,6,uberX,1.0,Chevrolet,0,Saint Petersburg,6.75,14.74,24,0.61,3.57,0.32,partly-cloudy-day,Partly Cloudy,none
Completed,Uber,0:35:45,43,7,uberX,1.0,Peugeot,1,Saint Petersburg,5.58,17.69,25,0.64,3.99,0.17,clear-day,Clear,none
Completed,Uber,0:10:02,16,5,uberX,1.0,Kia,1,Saint Petersburg,2.56,7.08,21,0.8,4.27,0.7,partly-cloudy-day,Mostly Cloudy,none
Completed,Uber,0:15:34,19,3,uberX,1.0,Skoda,1,Saint Petersburg,4.56,7.4,20,0.83,4.37,0.78,partly-cloudy-day,Mostly Cloudy,none
Completed,Uber,0:34:02,49,14,uberX,1.0,Ssangyong,1,Saint Petersburg,5.1,15.21,19,0.57,4.2,0.31,partly-cloudy-day,Partly Cloudy,none
Completed,Uber,0:46:11,51,4,uberX,1.0,Kia,1,Saint Petersburg,4.29,14.27,16,0.66,2.4,0.28,partly-cloudy-day,Partly Cloudy,none
Completed,Uber,0:30:15,35,4,uberX,1.0,Renault,1,Saint Petersburg,4.58,13.89,21,0.44,2.87,0.39,partly-cloudy-day,Partly Cloudy,none
Completed,Uber,0:36:42,48,11,uberBLACK,1.0,Mercedes-Benz,1,Saint Petersburg,30.26,35.99,18,0.96,0.45,0.64,partly-cloudy-night,Mostly Cloudy,none
Completed,Uber,0:36:42,48,11,uberX,1.0,Kia,1,Saint Petersburg,10.33,33.99,18,0.96,0.45,0.64,partly-cloudy-night,Mostly Cloudy,none
Completed,Uber,0:40:45,44,3,uberX,1.0,Ford,1,Saint Petersburg,10.11,34.6,18,0.96,0.47,0.64,partly-cloudy-night,Mostly Cloudy,none
Completed,Uber,0:36:19,37,0,uberX,1.0,Nissan,1,Saint Petersburg,10.77,35.1,18,0.96,2.23,0.46,partly-cloudy-night,Partly Cloudy,none
Completed,Uber,0:14:31,21,6,uberX,1.0,Hyundai,1,Saint Petersburg,3.41,10.27,22,0.71,5.36,0.8,partly-cloudy-day,Mostly Cloudy,none
Completed,Uber,0:25:39,39,13,uberX,1.0,Kia,1,Saint Petersburg,4.84,14.63,25,0.66,3.97,0.47,partly-cloudy-day,Partly Cloudy,none
Completed,Uber,0:04:08,8,3,uberX,1.0,Geely,1,Saint Petersburg,1.36,2.16,25,0.65,4.05,0.46,partly-cloudy-day,Partly Cloudy,none
Completed,Uber,0:05:25,11,5,uberX,1.0,Datsun,0,Saint Petersburg,2.04,2.24,25,0.66,3.67,0.61,partly-cloudy-day,Mostly Cloudy,none
Completed,Uber,0:26:29,31,4,uberX,1.0,Opel,1,Saint Petersburg,5.09,14.24,23,0.8,3.56,0.53,partly-cloudy-day,Partly Cloudy,none
Completed,Uber,0:09:09,12,2,uberX,1.0,Renault,1,Saint Petersburg,1.81,3.78,20,0.67,3.83,0.55,partly-cloudy-day,Partly Cloudy,none
Completed,Uber,0:49:56,62,12,uberBLACK,1.0,Mercedes-Benz,1,Saint Petersburg,26.88,31.64,20,0.72,3.92,0.42,partly-cloudy-day,Partly Cloudy,none
Completed,Uber,0:46:56,55,8,uberX,1.0,Chevrolet,1,Saint Petersburg,13.41,28.86,18,0.81,2.88,0.38,partly-cloudy-day,Partly Cloudy,none
Completed,Uber,0:57:39,69,11,uberX,1.0,Volkswagen,1,Saint Petersburg,10.32,34.01,16,0.9,1.1,0.92,partly-cloudy-day,Mostly Cloudy,none
Completed,Uber,0:58:21,66,7,uberX,1.0,Hyundai,1,Saint Petersburg,11.0,38.42,19,0.78,7.38,0.78,wind,Breezy and Mostly Cloudy,none
Completed,Uber,0:20:08,26,5,uberX,1.0,Peugeot,1,Saint Petersburg,2.79,6.41,13,0.65,4.38,0.61,partly-cloudy-day,Mostly Cloudy,none
Completed,Uber,0:20:35,36,15,uberX,1.0,Kia,1,Saint Petersburg,3.51,8.53,14,0.55,6.47,0.35,partly-cloudy-day,Partly Cloudy,none
Completed,Uber,0:26:35,31,4,uberX,1.0,Hyundai,1,Saint Petersburg,11.13,34.07,14,0.93,4.61,0.95,cloudy,Overcast,none
Completed,Uber,0:16:36,38,21,uberX,1.0,Hyundai,1,Saint Petersburg,3.8,8.03,15,0.94,0.63,0.96,fog,Foggy,none
Completed,Uber,0:10:57,24,13,uberX,1.0,Volkswagen,1,Saint Petersburg,3.79,5.15,12,0.79,3.06,0.75,partly-cloudy-day,Mostly Cloudy,none
Completed,Uber,0:15:14,17,1,uberX,1.0,Hyundai,1,Saint Petersburg,2.78,6.55,17,0.58,3.55,0.09,clear-day,Clear,none
Completed,Uber,0:20:21,32,11,uberX,1.0,Hyundai,1,Saint Petersburg,3.58,8.58,15,0.7,1.31,0.13,clear-day,Clear,none
Completed,Uber,0:17:45,24,6,uberX,1.0,Mitsubishi,1,Saint Petersburg,5.09,9.66,11,0.86,1.43,0,clear-night,Clear,none
Completed,Uber,0:15:54,30,14,uberX,1.0,Chevrolet,1,Saint Petersburg,3.83,8.06,4,0.68,1.7,0.6,partly-cloudy-day,Mostly Cloudy,none
Completed,Gett,0:20:32,25,4,Business,,Mercedes-Benz,1,Saint Petersburg,14.35,9.3,2,0.73,2.35,0.49,partly-cloudy-day,Partly Cloudy,none
Completed,Uber,0:19:57,28,8,uberX,1.0,Renault,1,Saint Petersburg,3.62,9.72,-1,0.73,5.08,0.82,partly-cloudy-day,Mostly Cloudy,none
Completed,Gett,0:47:19,52,4,Business,,Audi,1,Saint Petersburg,20.59,11.1,-1,0.74,3.92,0.58,partly-cloudy-night,Partly Cloudy,none
Completed,Uber,0:14:19,18,3,uberX,1.0,Citroen,1,Saint Petersburg,2.87,5.65,0,0.59,3.86,0.2,clear-day,Clear,none
Completed,Uber,0:18:35,29,10,uberX,1.0,Hyundai,1,Saint Petersburg,3.35,8.11,-1,0.65,2.45,0.05,clear-night,Clear,none
Completed,Uber,0:19:11,26,6,uberX,1.0,Opel,0,Saint Petersburg,2.74,6.68,5,0.95,4.33,0.99,cloudy,Overcast,none
Completed,Uber,0:23:21,31,7,uberX,1.0,Skoda,1,Saint Petersburg,4.48,8.93,5,0.9,6.31,1,cloudy,Overcast,none
Completed,Gett,0:29:38,31,1,EconomyFix,,Skoda,1,Saint Petersburg,9.78,28.0,1,0.91,4.1,1,cloudy,Overcast,none
Completed,Uber,0:50:04,56,5,uberX,1.0,Hyundai,1,Saint Petersburg,14.2,42.71,1,0.92,4.05,0.83,partly-cloudy-night,Mostly Cloudy,none
Completed,Uber,0:32:30,41,8,uberX,1.0,Renault,1,Saint Petersburg,5.23,8.11,2,0.96,2.77,1,cloudy,Overcast,none
Completed,Uber,0:17:30,21,3,uberX,1.0,Nissan,1,Saint Petersburg,3.37,9.56,2,0.96,2.83,0.98,cloudy,Overcast,none
Completed,Uber,0:17:02,32,14,uberX,1.0,Chevrolet,1,Saint Petersburg,3.43,10.7,5,0.89,5.69,0.91,partly-cloudy-day,Mostly Cloudy,none
Completed,Uber,0:11:40,18,6,uberX,1.0,Volkswagen,1,Saint Petersburg,2.75,4.84,1,0.95,1.41,0.93,partly-cloudy-day,Mostly Cloudy,none
Completed,Uber,0:08:31,12,3,uberX,1.0,Hyundai,1,Saint Petersburg,1.91,4.02,1,0.99,1.83,0.93,partly-cloudy-day,Mostly Cloudy,none
Completed,Uber,0:24:10,27,2,uberX,1.0,Hyundai,1,Saint Petersburg,3.62,7.26,1,0.99,1.62,0.94,cloudy,Overcast,none
Completed,Uber,0:23:19,33,9,uberX,1.0,Volkswagen,1,Saint Petersburg,4.26,11.28,0,0.93,1.8,0.98,cloudy,Overcast,none
Completed,Uber,0:10:14,17,6,uberX,1.0,Ford,1,Saint Petersburg,1.95,3.77,-3,0.8,3.63,0.94,cloudy,Overcast,none
Completed,Uber,0:24:13,27,2,uberX,1.0,Fiat,1,Saint Petersburg,3.83,9.16,-4,0.82,3.51,0.95,cloudy,Overcast,none
Completed,Uber,0:22:29,26,3,uberX,1.0,Lada,1,Saint Petersburg,4.0,10.3,-3,0.82,6.02,0.92,partly-cloudy-day,Mostly Cloudy,none
Completed,Uber,0:21:00,25,4,uberX,1.0,Hyundai,1,Saint Petersburg,4.29,5.86,-3,0.82,6.46,0.94,cloudy,Overcast,none
Completed,Uber,0:22:28,30,7,uberX,1.0,Nissan,1,Saint Petersburg,4.37,8.03,1,0.86,5.31,1,cloudy,Overcast,none
Completed,Uber,0:45:09,48,2,uberX,1.0,Hyundai,1,Saint Petersburg,8.2,14.55,1,0.9,3.51,0.97,cloudy,Overcast,none
Completed,Uber,0:26:50,34,7,uberX,1.0,Renault,1,Saint Petersburg,10.4,32.67,2,0.94,3.39,0.99,cloudy,Overcast,none
Completed,Uber,0:30:16,38,7,uberX,1.0,Hyundai,1,Saint Petersburg,11.01,34.04,1,0.92,4.21,1,cloudy,Overcast,none
Completed,Uber,0:26:06,31,4,uberX,1.0,Skoda,1,Saint Petersburg,11.61,34.55,1,0.92,3.5,0.97,cloudy,Overcast,none
Completed,Uber,0:32:21,34,1,uberX,1.0,Lada,1,Saint Petersburg,10.94,34.83,1,0.92,3.48,0.97,cloudy,Overcast,none
Completed,Uber,0:04:39,11,6,uberX,1.0,Nissan,1,Saint Petersburg,1.73,1.72,3,0.94,3.97,1,cloudy,Overcast,none
Completed,Gett,0:05:05,15,9,EconomyFix,,Hyundai,1,Saint Petersburg,1.88,1.58,2,0.96,3.02,0.97,cloudy,Overcast,none
Completed,Uber,0:03:11,8,4,uberX,1.0,Renault,1,Saint Petersburg,2.0,1.29,3,0.96,2.96,1,cloudy,Overcast,none
Completed,Uber,0:07:06,21,13,uberX,1.0,Hyundai,1,Saint Petersburg,1.76,1.45,3,0.96,2.96,1,cloudy,Overcast,none
Completed,Uber,0:08:59,18,9,uberX,1.0,Skoda,1,Saint Petersburg,1.37,1.38,3,0.96,2.93,1,cloudy,Overcast,none
Completed,Uber,0:11:03,25,13,uberX,1.0,Hyundai,1,Saint Petersburg,1.9,3.22,2,0.98,2.4,0.88,partly-cloudy-night,Mostly Cloudy,none
Completed,Uber,0:04:30,18,13,uberX,1.0,Volkswagen,1,Saint Petersburg,2.38,1.88,2,0.97,2.89,0.69,partly-cloudy-night,Mostly Cloudy,none
Completed,Uber,0:20:41,26,5,uberX,1.6,Hyundai,1,Saint Petersburg,7.19,13.44,2,0.98,2.92,0.71,partly-cloudy-night,Mostly Cloudy,none
Completed,Uber,0:31:35,38,6,uberX,1.0,Hyundai,1,Saint Petersburg,12.97,21.6,2,0.99,5.69,1,cloudy,Overcast,none
Completed,Uber,0:19:16,25,5,uberX,1.0,Renault,1,Saint Petersburg,4.13,12.47,3,0.92,5.87,1,cloudy,Overcast,none
Completed,Uber,0:18:37,58,39,uberX,1.0,Toyota,1,Saint Petersburg,4.38,13.99,2,0.9,3.49,1,cloudy,Overcast,none
Completed,Uber,0:23:56,35,11,uberX,1.0,Skoda,1,Saint Petersburg,5.92,20.55,1,0.95,2.53,0.9,partly-cloudy-day,Mostly Cloudy,none
Completed,Uber,0:25:39,37,11,uberX,1.0,Kia,1,Saint Petersburg,4.21,9.67,1,0.92,3.51,0.99,cloudy,Overcast,none
Completed,Uber,0:31:29,39,7,uberX,1.0,Ford,1,Saint Petersburg,6.47,21.29,2,0.93,3.23,0.99,cloudy,Overcast,none
Completed,Uber,0:23:58,36,12,uberX,1.0,Volkswagen,1,Saint Petersburg,4.83,9.7,1,0.92,4.29,0.91,partly-cloudy-day,Mostly Cloudy,none
Completed,Gett,0:11:46,18,6,EconomyFix,,Hyundai,1,Saint Petersburg,3.22,6.0,1,0.93,4.07,0.97,cloudy,Overcast,none
Completed,Uber,0:23:20,30,6,uberBLACK,1.0,Mercedes-Benz,1,Saint Petersburg,11.33,12.12,1,0.93,3.7,0.79,partly-cloudy-night,Mostly Cloudy,none
Completed,Uber,0:24:57,35,10,uberX,1.0,Nissan,1,Saint Petersburg,5.67,10.25,1,0.93,3.59,0.9,partly-cloudy-night,Mostly Cloudy,none
Completed,Uber,0:21:07,27,5,uberX,1.0,Volkswagen,1,Saint Petersburg,2.97,5.87,1,0.92,4.28,1,cloudy,Overcast,none
Completed,Uber,0:26:08,35,8,uberX,1.0,Skoda,1,Saint Petersburg,3.67,8.29,1,0.92,4.32,1,cloudy,Overcast,none
Completed,Uber,0:24:10,26,1,uberX,1.0,Skoda,1,Saint Petersburg,4.01,8.82,1,0.88,3.83,0.99,cloudy,Overcast,none
Completed,Uber,0:46:26,51,4,uberX,1.0,Volkswagen,1,Saint Petersburg,5.81,14.58,1,0.86,3.77,0.99,cloudy,Overcast,none
Completed,Uber,0:52:50,58,5,uberX,1.0,Chevrolet,1,Saint Petersburg,6.3,14.66,1,0.81,4.63,0.9,partly-cloudy-night,Mostly Cloudy,none
Completed,Gett,0:56:56,66,9,EconomyFix,,Hyundai,1,Saint Petersburg,8.99,16.63,0,0.88,3.93,0.88,partly-cloudy-night,Mostly Cloudy,none
Completed,Uber,1:02:20,73,10,uberX,1.0,Lada,1,Saint Petersburg,8.03,18.2,0,0.88,3.88,0.88,partly-cloudy-night,Mostly Cloudy,none
Completed,Gett,0:13:15,17,3,EconomyFix,,Hyundai,1,Saint Petersburg,3.36,5.29,1,0.89,3.89,0.91,partly-cloudy-day,Mostly Cloudy,none
Completed,Uber,0:06:39,12,5,uberX,1.0,Kia,1,Saint Petersburg,2.04,2.77,1,0.9,3.9,0.99,cloudy,Overcast,none
Completed,Uber,0:29:32,39,9,uberX,1.0,Chevrolet,1,Saint Petersburg,10.98,33.15,-1,0.91,4.66,0.91,partly-cloudy-day,Mostly Cloudy,none
Completed,Uber,0:11:21,22,10,uberX,1.0,Hyundai,1,Saint Petersburg,2.95,3.77,0,0.98,5.6,1,fog,Foggy,none
Completed,Uber,0:19:13,25,5,uberBLACK,1.0,BMW,1,Saint Petersburg,11.12,11.1,1,0.94,0.63,0.87,partly-cloudy-night,Mostly Cloudy,none
Completed,Uber,0:24:46,29,4,uberX,1.0,Renault,1,Saint Petersburg,7.39,12.65,0,0.93,3.17,0.78,partly-cloudy-day,Mostly Cloudy,none
Completed,Uber,0:27:20,38,10,uberX,1.0,Renault,1,Saint Petersburg,5.77,10.93,1,0.9,3.81,0.91,partly-cloudy-night,Mostly Cloudy,none
Completed,Uber,0:19:51,27,7,uberX,1.0,Renault,1,Saint Petersburg,2.67,5.5,-1,0.93,2.48,0.9,partly-cloudy-night,Mostly Cloudy,none
Completed,Uber,0:09:53,24,14,uberX,1.0,Kia,1,Saint Petersburg,2.64,3.32,0,0.91,2.75,0.91,partly-cloudy-night,Mostly Cloudy,none
Completed,Uber,0:11:43,22,10,uberX,1.0,Honda,1,Saint Petersburg,3.4,5.15,-1,0.83,3.56,0.98,cloudy,Overcast,none
Completed,Gett,0:08:12,12,3,EconomyFix,,Kia,1,Saint Petersburg,2.99,6.0,-1,0.94,1.43,0.85,partly-cloudy-night,Mostly Cloudy,none
Completed,Uber,0:18:59,25,6,uberX,1.0,Chevrolet,1,Saint Petersburg,3.07,7.16,-4,0.84,4.19,0.91,partly-cloudy-night,Mostly Cloudy,none
Completed,Uber,0:20:50,24,3,uberX,1.0,Opel,1,Saint Petersburg,4.69,7.85,1,0.98,4.14,1,cloudy,Overcast,none
Completed,Uber,0:39:36,47,7,uberX,1.0,Hyundai,1,Saint Petersburg,13.24,33.04,2,0.9,4.47,1,cloudy,Overcast,none
Completed,Uber,0:33:41,49,15,uberX,1.0,Nissan,1,Saint Petersburg,5.93,16.54,2,0.88,4.43,0.98,cloudy,Overcast,none
Completed,Uber,0:16:47,26,9,uberX,1.0,Kia,1,Saint Petersburg,3.0,6.58,2,0.87,4.43,1,cloudy,Overcast,none
Completed,Uber,0:27:02,40,12,uberX,1.0,Volkswagen,1,Saint Petersburg,4.72,10.56,1,0.95,3.63,0.92,partly-cloudy-day,Mostly Cloudy,none
Completed,Uber,0:31:34,40,8,uberX,1.0,Renault,1,Saint Petersburg,5.93,11.67,1,0.96,3.36,0.99,cloudy,Overcast,none
Completed,Uber,0:12:11,16,3,uberX,1.0,Skoda,1,Saint Petersburg,2.68,4.86,-1,0.92,1.55,1,cloudy,Overcast,none
Completed,Uber,0:39:31,52,12,uberX,1.0,Renault,1,Saint Petersburg,5.7,14.1,-1,0.92,1.48,1,cloudy,Overcast,none
Completed,Uber,0:40:48,52,11,uberX,1.0,Hyundai,1,Saint Petersburg,6.26,16.7,-1,0.86,2.6,0.86,partly-cloudy-day,Mostly Cloudy,none
Completed,Uber,0:09:53,15,5,uberX,1.0,Hyundai,1,Saint Petersburg,2.51,4.55,-2,0.92,0.97,0.9,partly-cloudy-night,Mostly Cloudy,none
Completed,Uber,0:15:28,25,9,uberX,1.0,Hyundai,1,Saint Petersburg,3.56,5.63,-2,0.96,6.55,1,cloudy,Overcast,none
Completed,Uber,0:15:06,23,7,uberX,1.0,Nissan,1,Saint Petersburg,2.8,6.79,1,0.95,6.69,1,cloudy,Overcast,rain
Completed,Uber,0:17:54,24,6,uberX,1.0,Chevrolet,1,Saint Petersburg,2.53,5.41,1,0.88,6.72,0.88,partly-cloudy-day,Mostly Cloudy,none
Completed,Uber,0:18:39,26,7,uberX,1.0,Nissan,1,Saint Petersburg,3.26,4.76,-1,0.87,4.17,0.55,partly-cloudy-night,Partly Cloudy,none
Completed,Uber,0:16:06,26,9,uberX,1.0,Hyundai,1,Saint Petersburg,3.08,4.8,-1,0.82,3.71,0.75,partly-cloudy-day,Mostly Cloudy,none
Completed,Uber,0:20:30,28,7,uberX,1.0,Mitsubishi,1,Saint Petersburg,3.14,7.05,-1,0.83,4.16,0.78,partly-cloudy-night,Mostly Cloudy,none
Completed,Uber,0:23:34,26,2,uberX,1.0,Kia,1,Saint Petersburg,4.89,10.43,-1,0.82,4.74,0.76,partly-cloudy-night,Mostly Cloudy,none
Completed,Uber,0:18:56,30,11,uberX,1.0,Kia,1,Saint Petersburg,3.48,5.44,-1,0.93,3.79,1,cloudy,Overcast,none
Completed,Uber,0:14:05,21,6,uberX,1.0,Hyundai,1,Saint Petersburg,3.72,4.99,2,0.89,3.81,1,cloudy,Overcast,none
Completed,Uber,0:04:32,10,5,uberX,1.0,Renault,1,Saint Petersburg,1.8,2.19,2,0.89,4.16,0.99,cloudy,Overcast,rain
Completed,Uber,0:18:20,24,5,uberX,1.0,Renault,1,Saint Petersburg,4.54,7.85,0,0.98,2.61,1,cloudy,Overcast,none
Completed,Uber,0:26:39,39,12,uberX,1.2,Citroen,1,Saint Petersburg,4.79,9.66,0,0.95,1.56,0.97,cloudy,Overcast,none
Completed,Uber,0:19:59,36,16,uberBLACK,1.0,Toyota,0,Saint Petersburg,8.43,7.69,0,0.86,4.14,0.78,partly-cloudy-day,Mostly Cloudy,none
Completed,Uber,0:17:26,25,7,uberX,1.0,Kia,1,Saint Petersburg,3.25,8.03,0,0.8,3.76,0.8,partly-cloudy-night,Mostly Cloudy,none
Completed,Uber,0:18:46,26,7,uberX,1.0,Ford,1,Saint Petersburg,5.81,10.98,0,0.84,2.95,0.95,cloudy,Overcast,none
Completed,Uber,0:31:40,43,11,uberX,1.0,Hyundai,1,Saint Petersburg,3.05,5.79,-2,0.94,1.48,0.98,cloudy,Overcast,none
Completed,Uber,0:15:48,32,16,uberX,1.0,Chevrolet,1,Saint Petersburg,2.38,5.01,-2,0.91,0.77,0.93,partly-cloudy-day,Mostly Cloudy,none
Completed,Uber,0:26:41,42,15,uberX,1.0,Volkswagen,1,Saint Petersburg,4.22,5.47,-3,0.94,0.31,0.97,cloudy,Overcast,none
Completed,Uber,0:25:38,47,21,uberX,1.0,Kia,1,Saint Petersburg,3.95,9.54,-2,0.93,3.57,1,cloudy,Overcast,none
Completed,Uber,0:28:22,42,13,uberX,1.0,Mitsubishi,1,Saint Petersburg,6.98,10.91,-3,0.94,2.75,0.99,cloudy,Overcast,none
Completed,Uber,0:15:41,24,8,uberX,1.0,Peugeot,1,Saint Petersburg,3.18,6.2,-3,0.94,4.36,0.99,cloudy,Overcast,none
Completed,Uber,0:23:02,34,10,uberX,1.0,Renault,1,Saint Petersburg,3.78,5.18,-1,0.96,4.74,1,fog,Foggy,none
Completed,Uber,0:53:07,83,29,uberBLACK,1.0,Mercedes-Benz,1,Saint Petersburg,23.44,30.98,-2,0.98,2.76,1,cloudy,Overcast,none
Completed,Uber,1:01:01,77,15,uberX,1.0,Renault,1,Saint Petersburg,11.27,32.51,0,0.95,2.62,0.99,cloudy,Overcast,none
Completed,Uber,0:11:26,19,7,uberX,1.0,Kia,1,Saint Petersburg,3.86,5.7,0,0.93,3.51,1,cloudy,Overcast,none
Completed,Uber,0:17:44,26,8,uberX,1.0,Nissan,1,Saint Petersburg,4.87,7.79,-2,0.82,7.78,0.92,partly-cloudy-day,Mostly Cloudy,none
Completed,Uber,0:23:03,32,8,uberX,1.0,Volkswagen,1,Saint Petersburg,4.8,9.11,-2,0.79,8.2,0.98,wind,Breezy and Overcast,none
Completed,Uber,0:16:14,23,6,uberX,1.0,Toyota,1,Saint Petersburg,3.5,6.2,-2,0.82,8.02,0.98,cloudy,Overcast,none
Completed,Uber,0:12:28,20,7,uberX,1.0,Ford,1,Saint Petersburg,3.43,5.66,-3,0.93,3.04,0.92,partly-cloudy-night,Mostly Cloudy,none
Completed,Uber,0:18:07,24,5,uberX,1.0,Chevrolet,1,Saint Petersburg,3.54,5.62,2,0.89,5.88,0.91,partly-cloudy-day,Mostly Cloudy,none
Completed,Uber,0:15:12,24,8,uberX,1.0,Audi,1,Saint Petersburg,4.04,6.52,0,0.92,1.63,1,cloudy,Overcast,none
Completed,Uber,0:16:17,27,10,uberX,1.0,Nissan,0,Saint Petersburg,3.29,5.81,2,0.92,5.1,0.93,partly-cloudy-day,Mostly Cloudy,none
Completed,Uber,0:14:25,18,3,uberX,1.0,Chery,1,Saint Petersburg,3.46,3.54,2,0.96,5.11,1,cloudy,Overcast,none
Completed,Uber,0:25:23,39,13,uberX,1.0,Chevrolet,1,Saint Petersburg,4.27,8.77,2,0.92,2.86,0.94,cloudy,Overcast,none
Completed,Uber,0:23:44,32,8,uberX,1.0,Honda,1,Saint Petersburg,5.77,10.04,1,0.94,1.61,0.9,partly-cloudy-night,Mostly Cloudy,none
Completed,Uber,0:13:33,20,6,uberX,1.0,Hyundai,1,Saint Petersburg,5.82,10.7,1,0.99,3.62,1,cloudy,Overcast,none
Completed,Uber,0:14:15,16,1,uberX,1.0,Renault,1,Saint Petersburg,3.4,8.01,1,0.97,3.08,1,cloudy,Overcast,none
Completed,Uber,0:05:03,10,4,uberX,1.0,Citroen,1,Saint Petersburg,1.65,2.69,3,0.92,5.74,1,cloudy,Overcast,none
Completed,Uber,0:24:35,34,9,uberX,1.0,Volkswagen,1,Saint Petersburg,8.11,15.76,3,0.89,4.47,1,cloudy,Overcast,rain
Completed,Uber,0:24:41,29,4,uberX,1.0,Hyundai,1,Saint Petersburg,7.34,16.0,3,0.9,4.96,1,cloudy,Overcast,none
Completed,Uber,0:19:00,22,3,uberX,1.0,Mitsubishi,1,Saint Petersburg,3.76,9.51,3,0.88,5.95,1,cloudy,Overcast,none
Completed,Uber,0:18:33,26,7,uberX,1.0,Chevrolet,1,Saint Petersburg,4.11,12.92,-2,0.77,8.1,0.64,wind,Breezy and Mostly Cloudy,none
Completed,Uber,0:13:46,30,16,uberX,1.0,Hyundai,1,Saint Petersburg,2.69,6.49,-2,0.76,5.0,0.45,partly-cloudy-night,Partly Cloudy,none
Completed,Uber,0:17:53,25,7,uberX,1.0,Skoda,1,Saint Petersburg,4.13,7.93,-2,0.77,5.47,0.42,partly-cloudy-night,Partly Cloudy,none
Completed,Uber,0:08:00,18,10,uberX,1.0,Kia,1,Saint Petersburg,1.84,3.59,-2,0.92,3.11,0.92,partly-cloudy-day,Mostly Cloudy,none
Completed,Uber,0:23:57,31,7,uberX,1.0,Chevrolet,1,Saint Petersburg,3.14,7.29,-1,0.98,1.62,1,cloudy,Overcast,none
Completed,Uber,0:09:34,17,7,uberX,1.0,Kia,1,Saint Petersburg,2.1,3.64,0,0.95,3.0,1,cloudy,Overcast,none
Completed,Uber,0:15:05,21,5,uberX,1.0,Volkswagen,1,Saint Petersburg,2.65,5.97,-1,0.94,4.32,1,cloudy,Overcast,none
Completed,Uber,0:14:49,22,7,uberX,1.0,Hyundai,1,Saint Petersburg,2.6,5.87,-2,0.83,3.5,1,cloudy,Overcast,none
Completed,Uber,0:26:44,43,16,uberX,1.0,Hyundai,1,Saint Petersburg,4.54,7.37,-6,0.93,0.31,0.95,cloudy,Overcast,none
Completed,Uber,0:09:57,11,1,uberX,1.0,Ravon,1,Saint Petersburg,2.01,3.65,-5,0.95,0.64,0.98,cloudy,Overcast,none
Completed,Uber,0:10:08,18,7,uberX,1.0,Renault,1,Saint Petersburg,3.66,4.8,-6,0.94,1.1,0.9,cloudy,Mostly Cloudy,none
Completed,Uber,0:18:58,24,5,uberX,1.0,Volkswagen,1,Saint Petersburg,2.76,6.84,-5,0.93,0.86,0.99,cloudy,Overcast,none
Completed,Uber,0:13:40,23,9,uberX,1.0,Renault,1,Saint Petersburg,2.4,5.87,-5,0.86,2.8,1,cloudy,Overcast,none
Completed,Uber,0:03:27,11,7,uberX,1.0,Chevrolet,1,Saint Petersburg,1.24,1.72,-6,0.9,2.25,1,cloudy,Overcast,none
Completed,Uber,0:08:49,18,9,uberX,1.0,Chevrolet,1,Saint Petersburg,2.42,3.43,-6,0.89,2.33,1,cloudy,Overcast,none
Completed,Uber,0:12:24,14,1,uberX,1.0,Chevrolet,1,Saint Petersburg,2.84,7.11,-6,0.88,2.51,1,cloudy,Overcast,none
Completed,Gett,0:12:00,21,9,EconomyFix,1.0,Kia,1,Saint Petersburg,3.6,7.4,-7,0.87,2.96,1,cloudy,Overcast,none
Completed,Uber,0:16:34,25,8,uberX,1.0,Chevrolet,1,Saint Petersburg,2.08,4.01,-8,0.89,3.12,0.9,partly-cloudy-night,Mostly Cloudy,none
Completed,Uber,0:11:22,20,8,uberX,1.0,Chevrolet,1,Saint Petersburg,2.38,3.8,-9,0.83,3.88,0.93,partly-cloudy-day,Mostly Cloudy,none
Completed,Uber,0:07:54,15,7,uberX,1.0,Renault,1,Saint Petersburg,2.52,3.62,-9,0.84,3.63,0.95,cloudy,Overcast,none
Completed,Uber,0:15:40,25,9,uberX,1.0,Hyundai,1,Saint Petersburg,4.65,6.29,-11,0.86,5.14,0.9,partly-cloudy-night,Mostly Cloudy,none
Completed,Uber,0:14:24,18,3,uberX,1.0,Volkswagen,1,Saint Petersburg,5.29,6.78,-11,0.83,6.05,1,cloudy,Overcast,none
Completed,Uber,0:45:15,51,5,uberX,1.0,Citroen,1,Saint Petersburg,6.91,18.01,-11,0.81,5.49,0.95,cloudy,Overcast,none
Completed,Uber,0:35:14,49,13,uberX,1.0,Ford,1,Saint Petersburg,5.68,10.06,-9,0.8,6.45,0.91,partly-cloudy-night,Mostly Cloudy,none
Completed,Uber,0:14:47,17,2,uberX,1.0,Lada,1,Saint Petersburg,6.15,7.35,-8,0.79,5.1,0.77,partly-cloudy-night,Mostly Cloudy,none
Completed,Uber,0:25:39,29,3,uberX,1.0,Nissan,1,Saint Petersburg,8.47,11.59,-8,0.8,5.02,0.78,partly-cloudy-night,Mostly Cloudy,none
Completed,Uber,0:19:24,29,9,uberX,1.0,Hyundai,1,Saint Petersburg,2.76,5.71,-7,0.93,5.16,0.87,snow,Flurries,snow
Completed,Uber,0:20:16,25,4,uberX,1.0,Renault,1,Saint Petersburg,2.8,6.44,-6,0.9,2.55,0.9,partly-cloudy-night,Mostly Cloudy,none
Completed,Uber,0:12:34,21,8,uberX,1.0,Kia,0,Saint Petersburg,2.98,4.83,-6,0.92,1.54,0.98,cloudy,Overcast,none
Completed,Uber,0:23:18,28,4,uberX,1.0,Skoda,1,Saint Petersburg,2.79,6.97,-6,0.89,2.58,0.88,partly-cloudy-day,Mostly Cloudy,none
Completed,Uber,0:14:39,24,9,uberX,1.0,Volkswagen,1,Saint Petersburg,3.08,6.18,-10,0.92,0.63,0.67,partly-cloudy-day,Mostly Cloudy,none
Completed,Uber,0:13:06,17,3,uberX,1.0,Hyundai,1,Saint Petersburg,2.67,5.55,-7,0.85,5.07,0.9,snow,Light Snow,snow
Completed,Uber,0:24:22,31,6,uberX,1.0,Ford,1,Saint Petersburg,3.03,6.29,-4,0.86,5.76,1,snow,Flurries,snow
Completed,Uber,0:15:17,22,6,uberX,1.0,Renault,1,Saint Petersburg,2.92,5.62,1,0.91,6.93,1,snow,Light Snow,snow
Completed,Uber,0:12:36,22,9,uberX,1.0,Volkswagen,1,Saint Petersburg,3.58,7.02,4,0.89,5.22,1,cloudy,Overcast,none
Completed,Uber,0:09:38,13,3,uberX,1.0,Nissan,1,Saint Petersburg,2.17,4.06,3,0.85,3.72,1,cloudy,Overcast,none
Completed,Uber,0:15:52,20,4,uberX,1.0,Ford,1,Saint Petersburg,3.38,7.31,3,0.87,3.76,0.98,cloudy,Overcast,none
Completed,Uber,0:12:44,17,4,uberX,1.0,Toyota,1,Saint Petersburg,3.5,6.41,1,0.98,2.58,1,cloudy,Overcast,none
Completed,Uber,0:10:54,17,6,uberX,1.0,Ford,1,Saint Petersburg,2.76,5.89,1,0.98,2.44,1,cloudy,Overcast,none
Completed,Uber,0:16:03,21,4,uberX,1.0,Volkswagen,1,Saint Petersburg,2.7,6.29,0,0.89,2.56,0.95,cloudy,Overcast,none
Completed,Uber,0:04:34,12,7,uberX,1.0,Ford,1,Saint Petersburg,1.46,2.22,0,0.89,4.13,1,cloudy,Overcast,none
Completed,Uber,0:11:14,17,5,uberX,1.0,Ford,1,Saint Petersburg,2.59,4.78,-1,0.91,3.0,1,cloudy,Overcast,none
Completed,Uber,0:33:29,42,8,uberX,1.0,Mitsubishi,1,Saint Petersburg,5.45,8.61,-7,0.9,3.68,0.96,cloudy,Overcast,none
Completed,Uber,0:20:15,25,4,uberX,1.0,Kia,1,Saint Petersburg,4.01,5.68,-7,0.89,3.92,0.99,cloudy,Overcast,none
Completed,Uber,0:16:09,26,9,uberX,1.0,Nissan,1,Saint Petersburg,2.87,6.63,-6,0.82,3.55,0.88,partly-cloudy-night,Mostly Cloudy,none
Completed,Uber,0:12:21,23,10,uberX,1.0,Volvo,1,Saint Petersburg,2.77,5.01,-8,0.84,3.12,0.96,cloudy,Overcast,none
Completed,Uber,0:19:36,23,3,uberX,1.0,Renault,1,Saint Petersburg,3.06,6.5,-12,0.91,0.38,0.48,partly-cloudy-night,Partly Cloudy,none
Completed,Uber,0:16:38,23,6,uberX,1.0,Volkswagen,1,Saint Petersburg,3.53,7.47,-11,0.93,4.66,0.62,partly-cloudy-day,Mostly Cloudy,none
Completed,Uber,0:21:14,25,3,uberX,1.0,Hyundai,1,Saint Petersburg,4.92,5.66,-3,0.95,1.09,1,cloudy,Overcast,none
Completed,Uber,0:19:11,25,5,uberX,1.0,Nissan,1,Saint Petersburg,3.3,6.18,-7,0.88,4.29,0.71,partly-cloudy-night,Mostly Cloudy,snow
Completed,Uber,0:29:13,33,3,uberX,1.0,BMW,0,Saint Petersburg,2.91,5.41,-9,0.84,3.37,0.77,partly-cloudy-day,Mostly Cloudy,snow
Completed,Uber,0:18:53,23,4,uberX,1.0,Mitsubishi,1,Saint Petersburg,3.33,5.2,-11,0.85,4.95,0.75,partly-cloudy-day,Mostly Cloudy,snow
Completed,Uber,1:14:06,84,9,uberX,1.0,Volkswagen,1,Saint Petersburg,9.6,24.51,-6,0.82,3.02,0.53,partly-cloudy-day,Partly Cloudy,snow
Completed,Uber,0:53:01,61,7,uberX,1.0,Chevrolet,1,Saint Petersburg,8.2,13.84,-7,0.85,2.27,0.43,partly-cloudy-night,Partly Cloudy,none
Completed,Uber,0:25:08,29,3,uberX,1.0,Mitsubishi,1,Saint Petersburg,3.85,9.11,-7,0.87,2.54,0.81,partly-cloudy-night,Mostly Cloudy,none
Completed,Uber,0:28:12,37,8,uberX,1.6,Skoda,1,Saint Petersburg,7.09,11.27,-8,0.87,1.95,0.86,partly-cloudy-night,Mostly Cloudy,none
Completed,Uber,0:13:37,26,12,uberX,1.0,Honda,1,Saint Petersburg,2.74,6.18,-8,0.88,2.29,0.9,partly-cloudy-night,Mostly Cloudy,snow
Completed,Uber,0:33:52,41,7,uberX,1.0,Hyundai,1,Saint Petersburg,3.49,5.15,-7,0.92,1.32,0.94,cloudy,Overcast,snow
Completed,Uber,0:17:49,29,11,uberX,1.0,Hummer,1,Saint Petersburg,3.33,6.23,-6,0.91,0.28,0.91,partly-cloudy-night,Mostly Cloudy,snow
Completed,Uber,0:11:11,16,4,uberX,1.0,Chevrolet,1,Saint Petersburg,2.23,3.09,-5,0.89,2.35,0.78,partly-cloudy-day,Mostly Cloudy,snow
Completed,Uber,0:23:50,29,5,uberX,1.0,Kia,1,Saint Petersburg,3.67,8.13,-4,0.89,2.78,0.69,partly-cloudy-day,Mostly Cloudy,snow
Completed,Uber,0:30:06,38,7,uberX,1.0,Volkswagen,1,Saint Petersburg,12.04,37.03,-2,0.86,4.0,0.98,cloudy,Overcast,none
Completed,Uber,1:02:32,66,3,uberX,1.0,Nissan,1,Moscow,14.71,35.79,-4,0.61,3.4,0.61,partly-cloudy-day,Mostly Cloudy,none
Completed,Uber,1:07:58,74,6,uberX,1.4,Volkswagen,1,Moscow,20.59,43.15,-11,0.81,1.93,0.25,partly-cloudy-night,Partly Cloudy,none
Completed,Uber,0:45:36,48,2,uberX,1.0,Mitsubishi,1,Saint Petersburg,11.27,33.97,-1,0.88,4.84,0.67,partly-cloudy-night,Mostly Cloudy,none
Completed,Uber,0:21:56,32,10,uberX,1.0,Hyundai,1,Saint Petersburg,4.6,6.04,-2,0.9,4.16,0.81,partly-cloudy-day,Mostly Cloudy,snow
Completed,Uber,0:14:51,23,8,uberX,1.0,Hyundai,1,Saint Petersburg,2.1,4.57,-4,0.76,2.02,0.66,partly-cloudy-night,Mostly Cloudy,snow
Completed,Uber,0:11:02,27,15,uberX,1.0,Chevrolet,1,Saint Petersburg,2.48,4.99,-4,0.78,2.38,0.72,partly-cloudy-night,Mostly Cloudy,snow
Completed,Uber,0:10:59,16,5,uberX,1.0,Toyota,1,Saint Petersburg,3.07,5.33,-4,0.79,2.35,0.69,partly-cloudy-night,Mostly Cloudy,snow
Completed,Uber,0:10:45,18,7,uberX,1.0,Chevrolet,1,Saint Petersburg,2.79,6.58,-4,0.8,2.45,0.72,partly-cloudy-night,Mostly Cloudy,snow
Completed,Uber,0:07:24,15,7,uberX,1.0,Volkswagen,1,Saint Petersburg,2.63,4.8,-4,0.81,2.42,0.91,partly-cloudy-night,Mostly Cloudy,none
Completed,Uber,0:11:19,16,4,uberX,1.0,Renault,1,Saint Petersburg,2.79,5.89,-6,0.85,1.81,0.84,partly-cloudy-night,Mostly Cloudy,none
Completed,Uber,0:20:40,31,10,uberX,1.0,Geely,1,Saint Petersburg,2.92,5.62,-7,0.83,3.05,0.83,partly-cloudy-day,Mostly Cloudy,none
Completed,Uber,0:11:24,22,10,uberX,1.0,Mazda,1,Saint Petersburg,3.06,5.78,-12,0.84,2.52,0.33,partly-cloudy-day,Partly Cloudy,none
Completed,Uber,0:17:49,28,10,uberX,1.0,Mazda,1,Saint Petersburg,2.79,5.05,-8,0.87,2.87,0.82,partly-cloudy-day,Mostly Cloudy,snow
Completed,Uber,0:16:18,33,16,uberX,1.0,Hyundai,1,Saint Petersburg,3.03,5.89,-6,0.76,1.82,1,cloudy,Overcast,snow
Completed,Uber,0:17:29,34,16,uberX,1.0,Renault,1,Saint Petersburg,3.88,4.88,-6,0.91,2.3,0.83,fog,Foggy,snow
Completed,Uber,0:13:01,17,3,uberX,1.0,Renault,1,Saint Petersburg,1.97,4.02,-5,0.87,2.97,0.44,partly-cloudy-day,Partly Cloudy,snow
Completed,Uber,0:14:07,22,7,uberX,1.0,Chevrolet,1,Saint Petersburg,2.89,6.08,-6,0.84,3.32,0.45,partly-cloudy-night,Partly Cloudy,snow
Completed,Uber,0:18:15,24,5,uberX,1.0,Nissan,1,Saint Petersburg,2.63,6.32,-10,0.87,3.08,0.39,partly-cloudy-day,Partly Cloudy,snow
Completed,Uber,0:15:38,25,9,uberX,1.0,Renault,1,Saint Petersburg,3.93,5.65,-16,0.88,1.95,0.72,partly-cloudy-day,Mostly Cloudy,snow
Completed,Uber,0:10:59,13,2,uberX,1.0,Volkswagen,1,Saint Petersburg,3.51,5.36,-9,0.8,1.01,0.59,fog,Foggy,snow
Completed,Uber,0:12:10,21,8,uberX,1.0,Renault,1,Saint Petersburg,3.94,6.57,-16,0.83,1.45,0.36,partly-cloudy-night,Partly Cloudy,snow
Completed,Uber,0:15:11,24,8,uberX,1.0,Kia,1,Saint Petersburg,2.68,5.12,-13,0.74,2.13,0.47,partly-cloudy-day,Partly Cloudy,snow
Completed,Uber,0:16:45,20,3,uberX,1.0,Skoda,1,Saint Petersburg,2.65,5.25,-14,0.77,3.78,0.46,partly-cloudy-night,Partly Cloudy,snow
Completed,Uber,0:17:04,22,4,uberX,1.0,Renault,1,Saint Petersburg,2.51,5.04,-18,0.69,5.32,0.62,partly-cloudy-day,Mostly Cloudy,snow
Completed,Uber,0:24:20,38,13,uberX,1.0,Mazda,1,Saint Petersburg,3.41,7.77,-18,0.7,2.22,0.64,partly-cloudy-day,Mostly Cloudy,snow
Completed,Uber,0:15:30,25,9,uberX,1.0,Kia,1,Saint Petersburg,2.93,6.5,-15,0.82,2.76,0.76,partly-cloudy-night,Mostly Cloudy,snow
Completed,Uber,0:10:00,20,10,uberX,1.0,Hyundai,1,Saint Petersburg,2.47,4.73,-13,0.81,0.29,0.46,partly-cloudy-day,Partly Cloudy,snow
Completed,Uber,0:30:15,38,7,uberX,1.0,Hyundai,1,Saint Petersburg,4.28,6.13,-12,0.76,1.67,0.67,partly-cloudy-night,Mostly Cloudy,none
Completed,Uber,0:28:47,37,8,uberX,1.0,Volkswagen,1,Saint Petersburg,4.94,10.04,-15,0.83,3.52,0.38,partly-cloudy-day,Partly Cloudy,none
Completed,Uber,0:14:55,23,8,uberX,1.0,Mitsubishi,1,Saint Petersburg,2.92,6.79,-12,0.73,2.06,0.37,partly-cloudy-night,Partly Cloudy,none
Completed,Uber,0:13:33,24,10,uberX,1.0,Chevrolet,1,Saint Petersburg,2.62,5.47,-9,0.75,2.01,0.94,cloudy,Overcast,none
Completed,Uber,0:11:06,18,6,uberX,1.0,Kia,1,Saint Petersburg,2.16,3.43,-10,0.72,3.01,0.6,partly-cloudy-night,Mostly Cloudy,none
Completed,Uber,0:16:19,26,9,uberX,1.0,Opel,1,Saint Petersburg,2.51,4.14,-14,0.72,5.34,0.99,cloudy,Overcast,none
Completed,Uber,0:25:25,38,12,uberX,1.0,Nissan,1,Saint Petersburg,3.18,7.05,-12,0.69,6.01,0.98,cloudy,Overcast,none
Completed,Uber,0:10:48,20,9,uberX,1.0,Nissan,1,Saint Petersburg,2.74,4.92,-9,0.59,3.14,0.99,cloudy,Overcast,none
Completed,Uber,0:13:56,22,8,uberX,1.0,Kia,1,Saint Petersburg,2.78,4.94,-10,0.66,4.09,0.99,cloudy,Overcast,none
Completed,Uber,0:17:35,28,10,uberX,1.0,Toyota,1,Saint Petersburg,2.98,8.48,-10,0.73,3.58,0.95,cloudy,Overcast,none
Completed,Uber,0:18:16,21,2,uberX,1.0,Kia,1,Saint Petersburg,4.96,9.01,2,0.75,3.07,0.35,partly-cloudy-night,Partly Cloudy,none
Completed,Uber,0:18:03,22,3,uberX,1.0,Volkswagen,1,Saint Petersburg,3.79,8.8,2,0.74,3.48,0.35,partly-cloudy-night,Partly Cloudy,none
Completed,Uber,0:28:34,36,7,uberX,1.0,Volkswagen,1,Saint Petersburg,11.46,33.99,1,0.79,6.29,1,cloudy,Overcast,none
Completed,Uber,0:23:24,29,5,uberX,1.0,Volkswagen,1,Saint Petersburg,6.33,12.38,1,0.89,4.01,0.42,partly-cloudy-night,Partly Cloudy,none
Completed,Uber,0:11:22,18,6,uberX,1.0,Chevrolet,1,Saint Petersburg,2.34,5.81,2,1.0,4.18,0.83,partly-cloudy-day,Mostly Cloudy,none
Completed,Uber,0:18:16,25,6,uberX,1.0,Skoda,1,Saint Petersburg,3.62,6.13,3,0.95,3.12,1,cloudy,Overcast,none
Completed,Uber,0:23:25,32,8,uberX,1.0,Skoda,1,Saint Petersburg,7.84,9.25,-10,0.6,5.82,0.07,clear-day,Clear,none
Completed,Uber,0:26:26,33,6,uberX,1.0,Nissan,1,Saint Petersburg,4.47,10.98,-9,0.59,5.97,0.12,clear-day,Clear,none
Completed,Uber,0:29:02,39,9,uberX,1.0,Ford,1,Saint Petersburg,3.75,6.9,-8,0.54,6.45,0.24,clear-day,Clear,none
Completed,Uber,1:29:47,104,14,uberX,1.0,Ford,1,Saint Petersburg,11.03,27.21,-7,0.49,5.56,0.26,partly-cloudy-day,Partly Cloudy,none
Completed,Uber,0:49:39,63,13,uberX,1.0,Mitsubishi,1,Saint Petersburg,13.03,19.59,-7,0.49,4.36,0.47,partly-cloudy-day,Partly Cloudy,none
Completed,Uber,0:21:35,36,14,uberX,1.0,Skoda,1,Saint Petersburg,4.26,11.59,-8,0.61,2.98,0.36,partly-cloudy-night,Partly Cloudy,none
Completed,Uber,0:19:54,38,18,uberX,1.0,Geely,1,Saint Petersburg,3.41,8.29,-6,0.64,4.8,0.43,partly-cloudy-day,Partly Cloudy,none
Completed,Uber,0:17:57,25,7,uberX,1.0,Hyundai,1,Saint Petersburg,3.18,5.09,0,0.87,5.62,0.48,snow,Flurries,none
Completed,Uber,0:19:12,24,4,uberX,1.0,Volkswagen,1,Saint Petersburg,2.33,5.46,1,0.82,6.16,0.41,snow,Flurries,none
Completed,Uber,0:23:49,36,12,uberX,1.0,Subaru,1,Saint Petersburg,4.41,7.92,0,0.95,4.84,0.44,rain,Drizzle,none
Completed,Uber,0:14:42,19,4,uberX,1.0,Kia,1,Saint Petersburg,2.57,4.91,0,0.77,2.65,0.47,snow,Flurries,none
Completed,Uber,0:13:13,27,13,uberX,1.0,Volkswagen,1,Saint Petersburg,2.9,6.61,-5,0.72,2.09,0.43,partly-cloudy-day,Partly Cloudy,none
Completed,Uber,0:28:00,34,6,uberX,1.0,Volkswagen,1,Saint Petersburg,3.23,8.19,-5,0.64,1.83,0.58,partly-cloudy-day,Partly Cloudy,none
Completed,Uber,0:16:19,23,6,uberX,1.0,Chevrolet,1,Saint Petersburg,3.25,8.93,-3,0.9,3.99,0.48,fog,Foggy,none
Completed,Uber,0:16:19,25,8,uberX,1.0,Honda,1,Saint Petersburg,3.79,9.04,-8,0.78,1.17,0.15,clear-night,Clear,none
Completed,Uber,0:21:19,33,11,uberX,1.0,Volkswagen,1,Saint Petersburg,3.86,9.69,2,0.42,2.56,0,clear-day,Clear,none
Completed,Uber,0:25:50,36,10,uberX,1.0,Skoda,1,Saint Petersburg,5.33,8.96,3,0.3,1.47,0.17,clear-day,Clear,none
Completed,Uber,0:36:37,41,4,uberX,1.0,Chevrolet,1,Saint Petersburg,3.43,6.18,4,0.95,4.77,0.45,rain,Light Rain,none
Completed,Uber,0:14:21,22,7,uberX,1.0,Hyundai,1,Saint Petersburg,2.97,7.08,0,0.65,1.63,0.36,partly-cloudy-day,Partly Cloudy,none
Completed,Uber,0:21:43,23,1,uberX,1.0,Hyundai,1,Saint Petersburg,2.52,8.43,4,0.52,2.81,0.25,partly-cloudy-day,Partly Cloudy,none
Completed,Uber,0:40:23,49,8,uberX,1.0,Kia,1,Saint Petersburg,5.44,9.01,5,0.62,4.56,0.65,partly-cloudy-day,Mostly Cloudy,none
Completed,Uber,0:17:10,25,7,uberX,1.0,Renault,1,Saint Petersburg,3.85,12.81,8,0.78,3.56,0.48,partly-cloudy-day,Partly Cloudy,none
Completed,Uber,0:23:24,27,3,uberX,1.0,Renault,1,Saint Petersburg,4.49,14.08,11,0.64,5.15,0.32,partly-cloudy-day,Partly Cloudy,none
Completed,Uber,0:31:13,46,14,uberX,1.0,Ford,1,Saint Petersburg,10.2,34.18,15,0.6,3.76,0.52,partly-cloudy-day,Partly Cloudy,none
Completed,Uber,0:20:37,32,11,uberX,1.0,Opel,1,Saint Petersburg,3.75,9.99,9,0.32,2.22,0.07,clear-day,Clear,none
Completed,Uber,0:26:54,37,10,uberX,1.0,Lifan,1,Saint Petersburg,4.37,10.73,9,0.28,3.69,0.22,clear-day,Clear,none
Completed,Uber,0:26:44,37,10,uberX,1.0,Hyundai,1,Saint Petersburg,3.56,5.89,10,0.34,3.11,0.1,clear-day,Clear,none
Completed,Uber,0:16:42,21,4,uberX,1.0,Volkswagen,1,Saint Petersburg,3.51,7.1,9,0.75,3.96,0.48,partly-cloudy-day,Partly Cloudy,none
Completed,Uber,0:18:41,36,17,uberX,1.0,Hyundai,1,Saint Petersburg,4.55,7.97,10,0.69,3.83,0.6,partly-cloudy-day,Mostly Cloudy,none
Completed,Uber,0:10:39,15,4,uberX,1.0,Kia,1,Saint Petersburg,2.8,4.26,5,0.45,2.84,0.21,clear-day,Clear,none
Completed,Uber,0:10:37,12,1,uberX,1.0,Hyundai,1,Saint Petersburg,2.6,5.79,6,0.39,2.57,0.18,clear-day,Clear,none
Completed,Uber,0:23:41,37,13,uberX,1.0,Dongfeng,1,Saint Petersburg,3.92,11.46,7,0.62,5.37,0.48,partly-cloudy-day,Partly Cloudy,none
Completed,Uber,0:16:20,35,18,uberX,1.0,Chevrolet,1,Saint Petersburg,2.78,6.68,8,0.76,4.02,0.9,partly-cloudy-day,Mostly Cloudy,none
Completed,Uber,0:19:19,23,3,uberX,1.0,Skoda,1,Saint Petersburg,3.33,7.48,9,0.68,4.28,0.79,partly-cloudy-day,Mostly Cloudy,none
Completed,Uber,0:32:46,50,17,uberX,1.0,Skoda,1,Saint Petersburg,3.41,9.03,8,0.77,1.56,0.75,partly-cloudy-day,Mostly Cloudy,none
